<?xml version="1.0" encoding="UTF-8" ?>
	<!-- This is a WordPress eXtended RSS file generated by WordPress as an export of your site. -->
	<!-- It contains information about your site's posts, pages, comments, categories, and other content. -->
	<!-- You may use this file to transfer that content from one site to another. -->
	<!-- This file is not intended to serve as a complete backup of your site. -->

	<!-- To import this information into a WordPress site follow these steps: -->
	<!-- 1. Log in to that site as an administrator. -->
	<!-- 2. Go to Tools: Import in the WordPress admin panel. -->
	<!-- 3. Install the "WordPress" importer from the list. -->
	<!-- 4. Activate & Run Importer. -->
	<!-- 5. Upload this file using the form provided on that page. -->
	<!-- 6. You will first be asked to map the authors in this export file to users -->
	<!--    on the site. For each author, you may choose to map to an -->
	<!--    existing user on the site or to create a new user. -->
	<!-- 7. WordPress will then import each of the posts, pages, comments, categories, etc. -->
	<!--    contained in this file into your site. -->

	<!-- generator="WordPress/6.5.5" created="2024-12-06 14:48" -->
<rss version="2.0"
	xmlns:excerpt="http://wordpress.org/export/1.2/excerpt/"
	xmlns:content="http://purl.org/rss/1.0/modules/content/"
	xmlns:wfw="http://wellformedweb.org/CommentAPI/"
	xmlns:dc="http://purl.org/dc/elements/1.1/"
	xmlns:wp="http://wordpress.org/export/1.2/"
>

<channel>
	<title>Gutenberg base</title>
	<link>https://dummy.xtemos.com/woodmart2/gutenberg</link>
	<description></description>
	<pubDate>Fri, 06 Dec 2024 14:48:15 +0000</pubDate>
	<language>en-US</language>
	<wp:wxr_version>1.2</wp:wxr_version>
	<wp:base_site_url>https://dummy.xtemos.com/woodmart2/</wp:base_site_url>
	<wp:base_blog_url>https://dummy.xtemos.com/woodmart2/gutenberg</wp:base_blog_url>

		<wp:author><wp:author_id>2</wp:author_id><wp:author_login><![CDATA[zakhar]]></wp:author_login><wp:author_email><![CDATA[zak@asda.as]]></wp:author_email><wp:author_display_name><![CDATA[Mr. Mackay]]></wp:author_display_name><wp:author_first_name><![CDATA[sds]]></wp:author_first_name><wp:author_last_name><![CDATA[scssc]]></wp:author_last_name></wp:author>

					<wp:term>
			<wp:term_id>0</wp:term_id>
			<wp:term_taxonomy><![CDATA[]]></wp:term_taxonomy>
			<wp:term_slug><![CDATA[]]></wp:term_slug>
			<wp:term_parent><![CDATA[]]></wp:term_parent>
					</wp:term>
		
	<generator>https://wordpress.org/?v=6.5.5</generator>

					<item>
					<title><![CDATA[shop]]></title>
					<link>https://dummy.xtemos.com/woodmart2/gutenberg/infobox/shop-5/</link>
					<pubDate>Tue, 26 Nov 2024 14:24:03 +0000</pubDate>
					<dc:creator><![CDATA[zakhar]]></dc:creator>
					<guid isPermaLink="false">https://dummy.xtemos.com/woodmart2/gutenberg/wp-content/uploads/sites/24/2024/11/shop.svg</guid>
															<wp:post_id>35012</wp:post_id>
					<wp:post_date><![CDATA[2024-11-26 14:24:03]]></wp:post_date>
					<wp:post_date_gmt><![CDATA[2024-11-26 14:24:03]]></wp:post_date_gmt>
					<wp:post_modified><![CDATA[2024-11-26 14:24:03]]></wp:post_modified>
					<wp:post_modified_gmt><![CDATA[2024-11-26 14:24:03]]></wp:post_modified_gmt>
					<wp:comment_status><![CDATA[open]]></wp:comment_status>
					<wp:post_name><![CDATA[shop-5]]></wp:post_name>
					<wp:status><![CDATA[inherit]]></wp:status>
					<wp:post_parent>35009</wp:post_parent>
					<wp:menu_order>0</wp:menu_order>
					<wp:post_type><![CDATA[attachment]]></wp:post_type>
											<wp:attachment_url><![CDATA[https://dummy.xtemos.com/woodmart2/gutenberg/wp-content/uploads/sites/24/2024/11/shop.svg]]></wp:attachment_url>
																					<wp:postmeta>
							<wp:meta_key><![CDATA[_wp_attached_file]]></wp:meta_key>
							<wp:meta_value><![CDATA[2024/11/shop.svg]]></wp:meta_value>
						</wp:postmeta>
										</item>
								<item>
					<title><![CDATA[003-advertising]]></title>
					<link>https://dummy.xtemos.com/woodmart2/gutenberg/infobox/003-advertising/</link>
					<pubDate>Tue, 26 Nov 2024 14:27:13 +0000</pubDate>
					<dc:creator><![CDATA[zakhar]]></dc:creator>
					<guid isPermaLink="false">https://dummy.xtemos.com/woodmart2/gutenberg/wp-content/uploads/sites/24/2024/11/003-advertising.svg</guid>
															<wp:post_id>35016</wp:post_id>
					<wp:post_date><![CDATA[2024-11-26 14:27:13]]></wp:post_date>
					<wp:post_date_gmt><![CDATA[2024-11-26 14:27:13]]></wp:post_date_gmt>
					<wp:post_modified><![CDATA[2024-11-26 14:27:13]]></wp:post_modified>
					<wp:post_modified_gmt><![CDATA[2024-11-26 14:27:13]]></wp:post_modified_gmt>
					<wp:comment_status><![CDATA[open]]></wp:comment_status>
					<wp:post_name><![CDATA[003-advertising]]></wp:post_name>
					<wp:status><![CDATA[inherit]]></wp:status>
					<wp:post_parent>35009</wp:post_parent>
					<wp:menu_order>0</wp:menu_order>
					<wp:post_type><![CDATA[attachment]]></wp:post_type>
											<wp:attachment_url><![CDATA[https://dummy.xtemos.com/woodmart2/gutenberg/wp-content/uploads/sites/24/2024/11/003-advertising.svg]]></wp:attachment_url>
																					<wp:postmeta>
							<wp:meta_key><![CDATA[_wp_attached_file]]></wp:meta_key>
							<wp:meta_value><![CDATA[2024/11/003-advertising.svg]]></wp:meta_value>
						</wp:postmeta>
										</item>
								<item>
					<title><![CDATA[002-arrow]]></title>
					<link>https://dummy.xtemos.com/woodmart2/gutenberg/infobox/002-arrow/</link>
					<pubDate>Tue, 26 Nov 2024 14:27:23 +0000</pubDate>
					<dc:creator><![CDATA[zakhar]]></dc:creator>
					<guid isPermaLink="false">https://dummy.xtemos.com/woodmart2/gutenberg/wp-content/uploads/sites/24/2024/11/002-arrow.svg</guid>
															<wp:post_id>35017</wp:post_id>
					<wp:post_date><![CDATA[2024-11-26 14:27:23]]></wp:post_date>
					<wp:post_date_gmt><![CDATA[2024-11-26 14:27:23]]></wp:post_date_gmt>
					<wp:post_modified><![CDATA[2024-11-26 14:27:23]]></wp:post_modified>
					<wp:post_modified_gmt><![CDATA[2024-11-26 14:27:23]]></wp:post_modified_gmt>
					<wp:comment_status><![CDATA[open]]></wp:comment_status>
					<wp:post_name><![CDATA[002-arrow]]></wp:post_name>
					<wp:status><![CDATA[inherit]]></wp:status>
					<wp:post_parent>35009</wp:post_parent>
					<wp:menu_order>0</wp:menu_order>
					<wp:post_type><![CDATA[attachment]]></wp:post_type>
											<wp:attachment_url><![CDATA[https://dummy.xtemos.com/woodmart2/gutenberg/wp-content/uploads/sites/24/2024/11/002-arrow.svg]]></wp:attachment_url>
																					<wp:postmeta>
							<wp:meta_key><![CDATA[_wp_attached_file]]></wp:meta_key>
							<wp:meta_value><![CDATA[2024/11/002-arrow.svg]]></wp:meta_value>
						</wp:postmeta>
										</item>
								<item>
					<title><![CDATA[wood-presentation]]></title>
					<link>https://dummy.xtemos.com/woodmart2/gutenberg/infobox/wood-presentation/</link>
					<pubDate>Tue, 26 Nov 2024 14:51:08 +0000</pubDate>
					<dc:creator><![CDATA[zakhar]]></dc:creator>
					<guid isPermaLink="false">https://dummy.xtemos.com/woodmart2/gutenberg/wp-content/uploads/sites/24/2024/11/wood-presentation.svg</guid>
															<wp:post_id>35039</wp:post_id>
					<wp:post_date><![CDATA[2024-11-26 14:51:08]]></wp:post_date>
					<wp:post_date_gmt><![CDATA[2024-11-26 14:51:08]]></wp:post_date_gmt>
					<wp:post_modified><![CDATA[2024-11-26 14:51:08]]></wp:post_modified>
					<wp:post_modified_gmt><![CDATA[2024-11-26 14:51:08]]></wp:post_modified_gmt>
					<wp:comment_status><![CDATA[open]]></wp:comment_status>
					<wp:post_name><![CDATA[wood-presentation]]></wp:post_name>
					<wp:status><![CDATA[inherit]]></wp:status>
					<wp:post_parent>35009</wp:post_parent>
					<wp:menu_order>0</wp:menu_order>
					<wp:post_type><![CDATA[attachment]]></wp:post_type>
											<wp:attachment_url><![CDATA[https://dummy.xtemos.com/woodmart2/gutenberg/wp-content/uploads/sites/24/2024/11/wood-presentation.svg]]></wp:attachment_url>
																					<wp:postmeta>
							<wp:meta_key><![CDATA[_wp_attached_file]]></wp:meta_key>
							<wp:meta_value><![CDATA[2024/11/wood-presentation.svg]]></wp:meta_value>
						</wp:postmeta>
										</item>
								<item>
					<title><![CDATA[gallery-3]]></title>
					<link>https://dummy.xtemos.com/woodmart2/gutenberg/images-gallery/gallery-3/</link>
					<pubDate>Wed, 27 Nov 2024 13:48:12 +0000</pubDate>
					<dc:creator><![CDATA[zakhar]]></dc:creator>
					<guid isPermaLink="false">https://dummy.xtemos.com/woodmart2/gutenberg/wp-content/uploads/sites/24/2024/11/gallery-3.jpg</guid>
															<wp:post_id>35121</wp:post_id>
					<wp:post_date><![CDATA[2024-11-27 13:48:12]]></wp:post_date>
					<wp:post_date_gmt><![CDATA[2024-11-27 13:48:12]]></wp:post_date_gmt>
					<wp:post_modified><![CDATA[2024-11-27 13:48:12]]></wp:post_modified>
					<wp:post_modified_gmt><![CDATA[2024-11-27 13:48:12]]></wp:post_modified_gmt>
					<wp:comment_status><![CDATA[open]]></wp:comment_status>
					<wp:post_name><![CDATA[gallery-3]]></wp:post_name>
					<wp:status><![CDATA[inherit]]></wp:status>
					<wp:post_parent>35118</wp:post_parent>
					<wp:menu_order>0</wp:menu_order>
					<wp:post_type><![CDATA[attachment]]></wp:post_type>
											<wp:attachment_url><![CDATA[https://dummy.xtemos.com/woodmart2/gutenberg/wp-content/uploads/sites/24/2024/11/gallery-3.jpg]]></wp:attachment_url>
																					<wp:postmeta>
							<wp:meta_key><![CDATA[_wp_attached_file]]></wp:meta_key>
							<wp:meta_value><![CDATA[2024/11/gallery-3.jpg]]></wp:meta_value>
						</wp:postmeta>
										</item>
								<item>
					<title><![CDATA[gallery-22333]]></title>
					<link>https://dummy.xtemos.com/woodmart2/gutenberg/images-gallery/gallery-22333/</link>
					<pubDate>Wed, 27 Nov 2024 13:48:13 +0000</pubDate>
					<dc:creator><![CDATA[zakhar]]></dc:creator>
					<guid isPermaLink="false">https://dummy.xtemos.com/woodmart2/gutenberg/wp-content/uploads/sites/24/2024/11/gallery-22333.jpg</guid>
															<wp:post_id>35122</wp:post_id>
					<wp:post_date><![CDATA[2024-11-27 13:48:13]]></wp:post_date>
					<wp:post_date_gmt><![CDATA[2024-11-27 13:48:13]]></wp:post_date_gmt>
					<wp:post_modified><![CDATA[2024-11-27 13:48:13]]></wp:post_modified>
					<wp:post_modified_gmt><![CDATA[2024-11-27 13:48:13]]></wp:post_modified_gmt>
					<wp:comment_status><![CDATA[open]]></wp:comment_status>
					<wp:post_name><![CDATA[gallery-22333]]></wp:post_name>
					<wp:status><![CDATA[inherit]]></wp:status>
					<wp:post_parent>35118</wp:post_parent>
					<wp:menu_order>0</wp:menu_order>
					<wp:post_type><![CDATA[attachment]]></wp:post_type>
											<wp:attachment_url><![CDATA[https://dummy.xtemos.com/woodmart2/gutenberg/wp-content/uploads/sites/24/2024/11/gallery-22333.jpg]]></wp:attachment_url>
																					<wp:postmeta>
							<wp:meta_key><![CDATA[_wp_attached_file]]></wp:meta_key>
							<wp:meta_value><![CDATA[2024/11/gallery-22333.jpg]]></wp:meta_value>
						</wp:postmeta>
										</item>
								<item>
					<title><![CDATA[gallery-4]]></title>
					<link>https://dummy.xtemos.com/woodmart2/gutenberg/images-gallery/gallery-4/</link>
					<pubDate>Wed, 27 Nov 2024 13:48:14 +0000</pubDate>
					<dc:creator><![CDATA[zakhar]]></dc:creator>
					<guid isPermaLink="false">https://dummy.xtemos.com/woodmart2/gutenberg/wp-content/uploads/sites/24/2024/11/gallery-4.jpg</guid>
															<wp:post_id>35123</wp:post_id>
					<wp:post_date><![CDATA[2024-11-27 13:48:14]]></wp:post_date>
					<wp:post_date_gmt><![CDATA[2024-11-27 13:48:14]]></wp:post_date_gmt>
					<wp:post_modified><![CDATA[2024-11-27 13:48:14]]></wp:post_modified>
					<wp:post_modified_gmt><![CDATA[2024-11-27 13:48:14]]></wp:post_modified_gmt>
					<wp:comment_status><![CDATA[open]]></wp:comment_status>
					<wp:post_name><![CDATA[gallery-4]]></wp:post_name>
					<wp:status><![CDATA[inherit]]></wp:status>
					<wp:post_parent>35118</wp:post_parent>
					<wp:menu_order>0</wp:menu_order>
					<wp:post_type><![CDATA[attachment]]></wp:post_type>
											<wp:attachment_url><![CDATA[https://dummy.xtemos.com/woodmart2/gutenberg/wp-content/uploads/sites/24/2024/11/gallery-4.jpg]]></wp:attachment_url>
																					<wp:postmeta>
							<wp:meta_key><![CDATA[_wp_attached_file]]></wp:meta_key>
							<wp:meta_value><![CDATA[2024/11/gallery-4.jpg]]></wp:meta_value>
						</wp:postmeta>
										</item>
								<item>
					<title><![CDATA[gallery-223]]></title>
					<link>https://dummy.xtemos.com/woodmart2/gutenberg/images-gallery/gallery-223/</link>
					<pubDate>Wed, 27 Nov 2024 13:48:15 +0000</pubDate>
					<dc:creator><![CDATA[zakhar]]></dc:creator>
					<guid isPermaLink="false">https://dummy.xtemos.com/woodmart2/gutenberg/wp-content/uploads/sites/24/2024/11/gallery-223.jpg</guid>
															<wp:post_id>35124</wp:post_id>
					<wp:post_date><![CDATA[2024-11-27 13:48:15]]></wp:post_date>
					<wp:post_date_gmt><![CDATA[2024-11-27 13:48:15]]></wp:post_date_gmt>
					<wp:post_modified><![CDATA[2024-11-27 13:48:15]]></wp:post_modified>
					<wp:post_modified_gmt><![CDATA[2024-11-27 13:48:15]]></wp:post_modified_gmt>
					<wp:comment_status><![CDATA[open]]></wp:comment_status>
					<wp:post_name><![CDATA[gallery-223]]></wp:post_name>
					<wp:status><![CDATA[inherit]]></wp:status>
					<wp:post_parent>35118</wp:post_parent>
					<wp:menu_order>0</wp:menu_order>
					<wp:post_type><![CDATA[attachment]]></wp:post_type>
											<wp:attachment_url><![CDATA[https://dummy.xtemos.com/woodmart2/gutenberg/wp-content/uploads/sites/24/2024/11/gallery-223.jpg]]></wp:attachment_url>
																					<wp:postmeta>
							<wp:meta_key><![CDATA[_wp_attached_file]]></wp:meta_key>
							<wp:meta_value><![CDATA[2024/11/gallery-223.jpg]]></wp:meta_value>
						</wp:postmeta>
										</item>
								<item>
					<title><![CDATA[gallery-1]]></title>
					<link>https://dummy.xtemos.com/woodmart2/gutenberg/images-gallery/gallery-1/</link>
					<pubDate>Wed, 27 Nov 2024 13:48:16 +0000</pubDate>
					<dc:creator><![CDATA[zakhar]]></dc:creator>
					<guid isPermaLink="false">https://dummy.xtemos.com/woodmart2/gutenberg/wp-content/uploads/sites/24/2024/11/gallery-1.jpg</guid>
															<wp:post_id>35125</wp:post_id>
					<wp:post_date><![CDATA[2024-11-27 13:48:16]]></wp:post_date>
					<wp:post_date_gmt><![CDATA[2024-11-27 13:48:16]]></wp:post_date_gmt>
					<wp:post_modified><![CDATA[2024-11-27 13:48:16]]></wp:post_modified>
					<wp:post_modified_gmt><![CDATA[2024-11-27 13:48:16]]></wp:post_modified_gmt>
					<wp:comment_status><![CDATA[open]]></wp:comment_status>
					<wp:post_name><![CDATA[gallery-1]]></wp:post_name>
					<wp:status><![CDATA[inherit]]></wp:status>
					<wp:post_parent>35118</wp:post_parent>
					<wp:menu_order>0</wp:menu_order>
					<wp:post_type><![CDATA[attachment]]></wp:post_type>
											<wp:attachment_url><![CDATA[https://dummy.xtemos.com/woodmart2/gutenberg/wp-content/uploads/sites/24/2024/11/gallery-1.jpg]]></wp:attachment_url>
																					<wp:postmeta>
							<wp:meta_key><![CDATA[_wp_attached_file]]></wp:meta_key>
							<wp:meta_value><![CDATA[2024/11/gallery-1.jpg]]></wp:meta_value>
						</wp:postmeta>
										</item>
								<item>
					<title><![CDATA[gallery-22]]></title>
					<link>https://dummy.xtemos.com/woodmart2/gutenberg/images-gallery/gallery-22/</link>
					<pubDate>Wed, 27 Nov 2024 13:48:17 +0000</pubDate>
					<dc:creator><![CDATA[zakhar]]></dc:creator>
					<guid isPermaLink="false">https://dummy.xtemos.com/woodmart2/gutenberg/wp-content/uploads/sites/24/2024/11/gallery-22.jpg</guid>
															<wp:post_id>35126</wp:post_id>
					<wp:post_date><![CDATA[2024-11-27 13:48:17]]></wp:post_date>
					<wp:post_date_gmt><![CDATA[2024-11-27 13:48:17]]></wp:post_date_gmt>
					<wp:post_modified><![CDATA[2024-11-27 13:48:17]]></wp:post_modified>
					<wp:post_modified_gmt><![CDATA[2024-11-27 13:48:17]]></wp:post_modified_gmt>
					<wp:comment_status><![CDATA[open]]></wp:comment_status>
					<wp:post_name><![CDATA[gallery-22]]></wp:post_name>
					<wp:status><![CDATA[inherit]]></wp:status>
					<wp:post_parent>35118</wp:post_parent>
					<wp:menu_order>0</wp:menu_order>
					<wp:post_type><![CDATA[attachment]]></wp:post_type>
											<wp:attachment_url><![CDATA[https://dummy.xtemos.com/woodmart2/gutenberg/wp-content/uploads/sites/24/2024/11/gallery-22.jpg]]></wp:attachment_url>
																					<wp:postmeta>
							<wp:meta_key><![CDATA[_wp_attached_file]]></wp:meta_key>
							<wp:meta_value><![CDATA[2024/11/gallery-22.jpg]]></wp:meta_value>
						</wp:postmeta>
										</item>
								<item>
					<title><![CDATA[gallery-6]]></title>
					<link>https://dummy.xtemos.com/woodmart2/gutenberg/images-gallery/gallery-6/</link>
					<pubDate>Wed, 27 Nov 2024 13:55:50 +0000</pubDate>
					<dc:creator><![CDATA[zakhar]]></dc:creator>
					<guid isPermaLink="false">https://dummy.xtemos.com/woodmart2/gutenberg/wp-content/uploads/sites/24/2024/11/gallery-6.jpg</guid>
															<wp:post_id>35135</wp:post_id>
					<wp:post_date><![CDATA[2024-11-27 13:55:50]]></wp:post_date>
					<wp:post_date_gmt><![CDATA[2024-11-27 13:55:50]]></wp:post_date_gmt>
					<wp:post_modified><![CDATA[2024-11-27 13:55:50]]></wp:post_modified>
					<wp:post_modified_gmt><![CDATA[2024-11-27 13:55:50]]></wp:post_modified_gmt>
					<wp:comment_status><![CDATA[open]]></wp:comment_status>
					<wp:post_name><![CDATA[gallery-6]]></wp:post_name>
					<wp:status><![CDATA[inherit]]></wp:status>
					<wp:post_parent>35118</wp:post_parent>
					<wp:menu_order>0</wp:menu_order>
					<wp:post_type><![CDATA[attachment]]></wp:post_type>
											<wp:attachment_url><![CDATA[https://dummy.xtemos.com/woodmart2/gutenberg/wp-content/uploads/sites/24/2024/11/gallery-6.jpg]]></wp:attachment_url>
																					<wp:postmeta>
							<wp:meta_key><![CDATA[_wp_attached_file]]></wp:meta_key>
							<wp:meta_value><![CDATA[2024/11/gallery-6.jpg]]></wp:meta_value>
						</wp:postmeta>
										</item>
								<item>
					<title><![CDATA[wood-page-baner-9]]></title>
					<link>https://dummy.xtemos.com/woodmart2/gutenberg/banners/wood-page-baner-9/</link>
					<pubDate>Wed, 27 Nov 2024 15:24:56 +0000</pubDate>
					<dc:creator><![CDATA[zakhar]]></dc:creator>
					<guid isPermaLink="false">https://dummy.xtemos.com/woodmart2/gutenberg/wp-content/uploads/sites/24/2024/11/wood-page-baner-9.jpg</guid>
															<wp:post_id>35183</wp:post_id>
					<wp:post_date><![CDATA[2024-11-27 15:24:56]]></wp:post_date>
					<wp:post_date_gmt><![CDATA[2024-11-27 15:24:56]]></wp:post_date_gmt>
					<wp:post_modified><![CDATA[2024-11-27 15:24:56]]></wp:post_modified>
					<wp:post_modified_gmt><![CDATA[2024-11-27 15:24:56]]></wp:post_modified_gmt>
					<wp:comment_status><![CDATA[open]]></wp:comment_status>
					<wp:post_name><![CDATA[wood-page-baner-9]]></wp:post_name>
					<wp:status><![CDATA[inherit]]></wp:status>
					<wp:post_parent>35154</wp:post_parent>
					<wp:menu_order>0</wp:menu_order>
					<wp:post_type><![CDATA[attachment]]></wp:post_type>
											<wp:attachment_url><![CDATA[https://dummy.xtemos.com/woodmart2/gutenberg/wp-content/uploads/sites/24/2024/11/wood-page-baner-9.jpg]]></wp:attachment_url>
																					<wp:postmeta>
							<wp:meta_key><![CDATA[_wp_attached_file]]></wp:meta_key>
							<wp:meta_value><![CDATA[2024/11/wood-page-baner-9.jpg]]></wp:meta_value>
						</wp:postmeta>
										</item>
								<item>
					<title><![CDATA[wood-page-baner-10]]></title>
					<link>https://dummy.xtemos.com/woodmart2/gutenberg/banners/wood-page-baner-10/</link>
					<pubDate>Wed, 27 Nov 2024 15:25:07 +0000</pubDate>
					<dc:creator><![CDATA[zakhar]]></dc:creator>
					<guid isPermaLink="false">https://dummy.xtemos.com/woodmart2/gutenberg/wp-content/uploads/sites/24/2024/11/wood-page-baner-10.jpg</guid>
															<wp:post_id>35184</wp:post_id>
					<wp:post_date><![CDATA[2024-11-27 15:25:07]]></wp:post_date>
					<wp:post_date_gmt><![CDATA[2024-11-27 15:25:07]]></wp:post_date_gmt>
					<wp:post_modified><![CDATA[2024-11-27 15:25:07]]></wp:post_modified>
					<wp:post_modified_gmt><![CDATA[2024-11-27 15:25:07]]></wp:post_modified_gmt>
					<wp:comment_status><![CDATA[open]]></wp:comment_status>
					<wp:post_name><![CDATA[wood-page-baner-10]]></wp:post_name>
					<wp:status><![CDATA[inherit]]></wp:status>
					<wp:post_parent>35154</wp:post_parent>
					<wp:menu_order>0</wp:menu_order>
					<wp:post_type><![CDATA[attachment]]></wp:post_type>
											<wp:attachment_url><![CDATA[https://dummy.xtemos.com/woodmart2/gutenberg/wp-content/uploads/sites/24/2024/11/wood-page-baner-10.jpg]]></wp:attachment_url>
																					<wp:postmeta>
							<wp:meta_key><![CDATA[_wp_attached_file]]></wp:meta_key>
							<wp:meta_value><![CDATA[2024/11/wood-page-baner-10.jpg]]></wp:meta_value>
						</wp:postmeta>
										</item>
								<item>
					<title><![CDATA[wood-page-baner-8]]></title>
					<link>https://dummy.xtemos.com/woodmart2/gutenberg/banners/wood-page-baner-8/</link>
					<pubDate>Wed, 27 Nov 2024 15:25:16 +0000</pubDate>
					<dc:creator><![CDATA[zakhar]]></dc:creator>
					<guid isPermaLink="false">https://dummy.xtemos.com/woodmart2/gutenberg/wp-content/uploads/sites/24/2024/11/wood-page-baner-8.jpg</guid>
															<wp:post_id>35185</wp:post_id>
					<wp:post_date><![CDATA[2024-11-27 15:25:16]]></wp:post_date>
					<wp:post_date_gmt><![CDATA[2024-11-27 15:25:16]]></wp:post_date_gmt>
					<wp:post_modified><![CDATA[2024-11-27 15:25:16]]></wp:post_modified>
					<wp:post_modified_gmt><![CDATA[2024-11-27 15:25:16]]></wp:post_modified_gmt>
					<wp:comment_status><![CDATA[open]]></wp:comment_status>
					<wp:post_name><![CDATA[wood-page-baner-8]]></wp:post_name>
					<wp:status><![CDATA[inherit]]></wp:status>
					<wp:post_parent>35154</wp:post_parent>
					<wp:menu_order>0</wp:menu_order>
					<wp:post_type><![CDATA[attachment]]></wp:post_type>
											<wp:attachment_url><![CDATA[https://dummy.xtemos.com/woodmart2/gutenberg/wp-content/uploads/sites/24/2024/11/wood-page-baner-8.jpg]]></wp:attachment_url>
																					<wp:postmeta>
							<wp:meta_key><![CDATA[_wp_attached_file]]></wp:meta_key>
							<wp:meta_value><![CDATA[2024/11/wood-page-baner-8.jpg]]></wp:meta_value>
						</wp:postmeta>
										</item>
								<item>
					<title><![CDATA[wood-page-baner-11]]></title>
					<link>https://dummy.xtemos.com/woodmart2/gutenberg/banners/wood-page-baner-11/</link>
					<pubDate>Wed, 27 Nov 2024 15:39:31 +0000</pubDate>
					<dc:creator><![CDATA[zakhar]]></dc:creator>
					<guid isPermaLink="false">https://dummy.xtemos.com/woodmart2/gutenberg/wp-content/uploads/sites/24/2024/11/wood-page-baner-11.jpg</guid>
															<wp:post_id>35196</wp:post_id>
					<wp:post_date><![CDATA[2024-11-27 15:39:31]]></wp:post_date>
					<wp:post_date_gmt><![CDATA[2024-11-27 15:39:31]]></wp:post_date_gmt>
					<wp:post_modified><![CDATA[2024-11-27 15:39:31]]></wp:post_modified>
					<wp:post_modified_gmt><![CDATA[2024-11-27 15:39:31]]></wp:post_modified_gmt>
					<wp:comment_status><![CDATA[open]]></wp:comment_status>
					<wp:post_name><![CDATA[wood-page-baner-11]]></wp:post_name>
					<wp:status><![CDATA[inherit]]></wp:status>
					<wp:post_parent>35154</wp:post_parent>
					<wp:menu_order>0</wp:menu_order>
					<wp:post_type><![CDATA[attachment]]></wp:post_type>
											<wp:attachment_url><![CDATA[https://dummy.xtemos.com/woodmart2/gutenberg/wp-content/uploads/sites/24/2024/11/wood-page-baner-11.jpg]]></wp:attachment_url>
																					<wp:postmeta>
							<wp:meta_key><![CDATA[_wp_attached_file]]></wp:meta_key>
							<wp:meta_value><![CDATA[2024/11/wood-page-baner-11.jpg]]></wp:meta_value>
						</wp:postmeta>
										</item>
								<item>
					<title><![CDATA[wood-page-baner-12]]></title>
					<link>https://dummy.xtemos.com/woodmart2/gutenberg/banners/wood-page-baner-12/</link>
					<pubDate>Wed, 27 Nov 2024 15:39:46 +0000</pubDate>
					<dc:creator><![CDATA[zakhar]]></dc:creator>
					<guid isPermaLink="false">https://dummy.xtemos.com/woodmart2/gutenberg/wp-content/uploads/sites/24/2024/11/wood-page-baner-12.jpg</guid>
															<wp:post_id>35197</wp:post_id>
					<wp:post_date><![CDATA[2024-11-27 15:39:46]]></wp:post_date>
					<wp:post_date_gmt><![CDATA[2024-11-27 15:39:46]]></wp:post_date_gmt>
					<wp:post_modified><![CDATA[2024-11-27 15:39:46]]></wp:post_modified>
					<wp:post_modified_gmt><![CDATA[2024-11-27 15:39:46]]></wp:post_modified_gmt>
					<wp:comment_status><![CDATA[open]]></wp:comment_status>
					<wp:post_name><![CDATA[wood-page-baner-12]]></wp:post_name>
					<wp:status><![CDATA[inherit]]></wp:status>
					<wp:post_parent>35154</wp:post_parent>
					<wp:menu_order>0</wp:menu_order>
					<wp:post_type><![CDATA[attachment]]></wp:post_type>
											<wp:attachment_url><![CDATA[https://dummy.xtemos.com/woodmart2/gutenberg/wp-content/uploads/sites/24/2024/11/wood-page-baner-12.jpg]]></wp:attachment_url>
																					<wp:postmeta>
							<wp:meta_key><![CDATA[_wp_attached_file]]></wp:meta_key>
							<wp:meta_value><![CDATA[2024/11/wood-page-baner-12.jpg]]></wp:meta_value>
						</wp:postmeta>
										</item>
								<item>
					<title><![CDATA[wood-page-baner-13]]></title>
					<link>https://dummy.xtemos.com/woodmart2/gutenberg/banners/wood-page-baner-13/</link>
					<pubDate>Wed, 27 Nov 2024 15:39:58 +0000</pubDate>
					<dc:creator><![CDATA[zakhar]]></dc:creator>
					<guid isPermaLink="false">https://dummy.xtemos.com/woodmart2/gutenberg/wp-content/uploads/sites/24/2024/11/wood-page-baner-13.jpg</guid>
															<wp:post_id>35199</wp:post_id>
					<wp:post_date><![CDATA[2024-11-27 15:39:58]]></wp:post_date>
					<wp:post_date_gmt><![CDATA[2024-11-27 15:39:58]]></wp:post_date_gmt>
					<wp:post_modified><![CDATA[2024-11-27 15:39:58]]></wp:post_modified>
					<wp:post_modified_gmt><![CDATA[2024-11-27 15:39:58]]></wp:post_modified_gmt>
					<wp:comment_status><![CDATA[open]]></wp:comment_status>
					<wp:post_name><![CDATA[wood-page-baner-13]]></wp:post_name>
					<wp:status><![CDATA[inherit]]></wp:status>
					<wp:post_parent>35154</wp:post_parent>
					<wp:menu_order>0</wp:menu_order>
					<wp:post_type><![CDATA[attachment]]></wp:post_type>
											<wp:attachment_url><![CDATA[https://dummy.xtemos.com/woodmart2/gutenberg/wp-content/uploads/sites/24/2024/11/wood-page-baner-13.jpg]]></wp:attachment_url>
																					<wp:postmeta>
							<wp:meta_key><![CDATA[_wp_attached_file]]></wp:meta_key>
							<wp:meta_value><![CDATA[2024/11/wood-page-baner-13.jpg]]></wp:meta_value>
						</wp:postmeta>
										</item>
								<item>
					<title><![CDATA[wd-inst-slider-12]]></title>
					<link>https://dummy.xtemos.com/woodmart2/gutenberg/instagram/wd-inst-slider-12/</link>
					<pubDate>Thu, 28 Nov 2024 15:39:13 +0000</pubDate>
					<dc:creator><![CDATA[zakhar]]></dc:creator>
					<guid isPermaLink="false">https://dummy.xtemos.com/woodmart2/gutenberg/wp-content/uploads/sites/24/2024/11/wd-inst-slider-12.jpg</guid>
															<wp:post_id>35396</wp:post_id>
					<wp:post_date><![CDATA[2024-11-28 15:39:13]]></wp:post_date>
					<wp:post_date_gmt><![CDATA[2024-11-28 15:39:13]]></wp:post_date_gmt>
					<wp:post_modified><![CDATA[2024-11-28 15:39:13]]></wp:post_modified>
					<wp:post_modified_gmt><![CDATA[2024-11-28 15:39:13]]></wp:post_modified_gmt>
					<wp:comment_status><![CDATA[open]]></wp:comment_status>
					<wp:post_name><![CDATA[wd-inst-slider-12]]></wp:post_name>
					<wp:status><![CDATA[inherit]]></wp:status>
					<wp:post_parent>35349</wp:post_parent>
					<wp:menu_order>0</wp:menu_order>
					<wp:post_type><![CDATA[attachment]]></wp:post_type>
											<wp:attachment_url><![CDATA[https://dummy.xtemos.com/woodmart2/gutenberg/wp-content/uploads/sites/24/2024/11/wd-inst-slider-12.jpg]]></wp:attachment_url>
																					<wp:postmeta>
							<wp:meta_key><![CDATA[_wp_attached_file]]></wp:meta_key>
							<wp:meta_value><![CDATA[2024/11/wd-inst-slider-12.jpg]]></wp:meta_value>
						</wp:postmeta>
										</item>
								<item>
					<title><![CDATA[wd-inst-slider-8]]></title>
					<link>https://dummy.xtemos.com/woodmart2/gutenberg/instagram/wd-inst-slider-8/</link>
					<pubDate>Thu, 28 Nov 2024 15:39:14 +0000</pubDate>
					<dc:creator><![CDATA[zakhar]]></dc:creator>
					<guid isPermaLink="false">https://dummy.xtemos.com/woodmart2/gutenberg/wp-content/uploads/sites/24/2024/11/wd-inst-slider-8.jpg</guid>
															<wp:post_id>35397</wp:post_id>
					<wp:post_date><![CDATA[2024-11-28 15:39:14]]></wp:post_date>
					<wp:post_date_gmt><![CDATA[2024-11-28 15:39:14]]></wp:post_date_gmt>
					<wp:post_modified><![CDATA[2024-11-28 15:39:14]]></wp:post_modified>
					<wp:post_modified_gmt><![CDATA[2024-11-28 15:39:14]]></wp:post_modified_gmt>
					<wp:comment_status><![CDATA[open]]></wp:comment_status>
					<wp:post_name><![CDATA[wd-inst-slider-8]]></wp:post_name>
					<wp:status><![CDATA[inherit]]></wp:status>
					<wp:post_parent>35349</wp:post_parent>
					<wp:menu_order>0</wp:menu_order>
					<wp:post_type><![CDATA[attachment]]></wp:post_type>
											<wp:attachment_url><![CDATA[https://dummy.xtemos.com/woodmart2/gutenberg/wp-content/uploads/sites/24/2024/11/wd-inst-slider-8.jpg]]></wp:attachment_url>
																					<wp:postmeta>
							<wp:meta_key><![CDATA[_wp_attached_file]]></wp:meta_key>
							<wp:meta_value><![CDATA[2024/11/wd-inst-slider-8.jpg]]></wp:meta_value>
						</wp:postmeta>
										</item>
								<item>
					<title><![CDATA[Carousels]]></title>
					<link>https://dummy.xtemos.com/woodmart2/gutenberg/carousels/</link>
					<pubDate>Thu, 05 Dec 2024 12:52:33 +0000</pubDate>
					<dc:creator><![CDATA[zakhar]]></dc:creator>
					<guid isPermaLink="false">https://dummy.xtemos.com/woodmart2/gutenberg/?page_id=36145</guid>
											<content:encoded><![CDATA[<!-- wp:wd/paragraph {"blockId":"c4b0820c-8a7d-48a8-8d86-c1ce8c583e26","textAlign":"center","colorVariable":"\u002d\u002dwd-primary-color","marginBottom":"10"} -->
<p id="wd-c4b0820c" class="wp-block-wd-paragraph wd-align">XTEMOS ELEMENT</p>
<!-- /wp:wd/paragraph -->

<!-- wp:wd/divider {"blockId":"f6fb99a1-3cc9-4eb8-89d8-d55eedda53bd","innerBlock":"title","marginBottom":"30"} -->
<div id="wd-f6fb99a1" class="wp-block-wd-divider wd-style-line wd-added-title"><div class="wd-divider-inner"><!-- wp:wd/title {"blockId":"35279652-d500-4e6f-ada0-9f9f67c1a149","textAlign":"center","content":"CAROUSEL OF PRODUCTS"} -->
<h2 id="wd-35279652" class="wp-block-wd-title title wd-align">CAROUSEL OF PRODUCTS</h2>
<!-- /wp:wd/title --></div></div>
<!-- /wp:wd/divider -->

<!-- wp:wd/products {"blockId":"5e88e3ec-0a6e-4ce8-86c2-4c0ff9ead184","layout":"carousel","marginBottom":"80","slides_per_view":"4","sync_parent_id":"wd_5e88e3ec","marginBottomTablet":"60","marginBottomMobile":"40"} /-->

<!-- wp:wd/paragraph {"blockId":"88e0df73-0301-4847-a9a0-d06cb0239293","textAlign":"center","colorVariable":"\u002d\u002dwd-primary-color","marginBottom":"10"} -->
<p id="wd-88e0df73" class="wp-block-wd-paragraph wd-align">XTEMOS ELEMENT</p>
<!-- /wp:wd/paragraph -->

<!-- wp:wd/divider {"blockId":"d2aa0d0c-641c-4bf2-8cab-c49b38989b7f","innerBlock":"title","marginBottom":"30"} -->
<div id="wd-d2aa0d0c" class="wp-block-wd-divider wd-style-line wd-added-title"><div class="wd-divider-inner"><!-- wp:wd/title {"blockId":"37e824ca-c7ed-4bc6-89ff-ceb623a3a46e","textAlign":"center","content":"CAROUSEL OF PRODUCTS CENTERED"} -->
<h2 id="wd-37e824ca" class="wp-block-wd-title title wd-align">CAROUSEL OF PRODUCTS CENTERED</h2>
<!-- /wp:wd/title --></div></div>
<!-- /wp:wd/divider -->

<!-- wp:wd/products {"blockId":"c95c0cc7-af81-41fe-91ea-7bbced80080b","layout":"carousel","marginBottom":"80","slides_per_view":"4","scroll_per_page":false,"center_mode":true,"wrap":true,"scroll_carousel_init":false,"disable_overflow_carousel":false,"dynamic_pagination_control":true,"sync_parent_id":"wd_c95c0cc7","marginBottomTablet":"60","marginBottomMobile":"40"} /-->

<!-- wp:wd/paragraph {"blockId":"14c0756f-f981-46ce-b0e6-85efcdf49b0e","textAlign":"center","colorVariable":"\u002d\u002dwd-primary-color","marginBottom":"10"} -->
<p id="wd-14c0756f" class="wp-block-wd-paragraph wd-align">XTEMOS ELEMENT</p>
<!-- /wp:wd/paragraph -->

<!-- wp:wd/divider {"blockId":"c8a171cc-517e-4700-86fe-a1108cfdd9ae","innerBlock":"title","marginBottom":"30"} -->
<div id="wd-c8a171cc" class="wp-block-wd-divider wd-style-line wd-added-title"><div class="wd-divider-inner"><!-- wp:wd/title {"blockId":"c5f05b9a-5a53-42a1-9ddc-5342d5090100","textAlign":"center","content":"CAROUSEL OF POSTS"} -->
<h2 id="wd-c5f05b9a" class="wp-block-wd-title title wd-align">CAROUSEL OF POSTS</h2>
<!-- /wp:wd/title --></div></div>
<!-- /wp:wd/divider -->

<!-- wp:wd/blog {"blockId":"a4a5a825-f8a3-4ee2-a4cd-b5e68f72e96c","layout":"carousel","marginBottom":"80","sync_parent_id":"wd_845c7696","marginBottomTablet":"60","marginBottomMobile":"40"} /-->

<!-- wp:wd/paragraph {"blockId":"06b66634-f628-4925-a59a-25f5f04a582b","textAlign":"center","colorVariable":"\u002d\u002dwd-primary-color","marginBottom":"10"} -->
<p id="wd-06b66634" class="wp-block-wd-paragraph wd-align">XTEMOS ELEMENT</p>
<!-- /wp:wd/paragraph -->

<!-- wp:wd/divider {"blockId":"1dfe102b-ec86-4f6e-844e-a18abb0d5e61","innerBlock":"title","marginBottom":"30"} -->
<div id="wd-1dfe102b" class="wp-block-wd-divider wd-style-line wd-added-title"><div class="wd-divider-inner"><!-- wp:wd/title {"blockId":"ab4de9ce-e624-4cb7-9b96-1b1586ad97ec","textAlign":"center","content":"CAROUSEL OF POSTS ALTERNATIVE"} -->
<h2 id="wd-ab4de9ce" class="wp-block-wd-title title wd-align">CAROUSEL OF POSTS ALTERNATIVE</h2>
<!-- /wp:wd/title --></div></div>
<!-- /wp:wd/divider -->

<!-- wp:wd/blog {"blockId":"10e91d78-28e8-4383-a28f-f08fecd96777","layout":"carousel","blog_carousel_design":"small-images","img_size":"large","marginBottom":"80","slides_per_view":"2","sync_parent_id":"wd_10e91d78","marginBottomTablet":"60","marginBottomMobile":"40","slides_per_viewTablet":"1"} /-->

<!-- wp:wd/paragraph {"blockId":"e7e94c19-b92f-4017-b9f3-e7f30477357c","textAlign":"center","colorVariable":"\u002d\u002dwd-primary-color","marginBottom":"10"} -->
<p id="wd-e7e94c19" class="wp-block-wd-paragraph wd-align">XTEMOS ELEMENT</p>
<!-- /wp:wd/paragraph -->

<!-- wp:wd/divider {"blockId":"dba86c99-cf0a-4498-a199-7f696a5819a0","innerBlock":"title","marginBottom":"30"} -->
<div id="wd-dba86c99" class="wp-block-wd-divider wd-style-line wd-added-title"><div class="wd-divider-inner"><!-- wp:wd/title {"blockId":"cea903fc-6ece-459a-92e8-33bea51277ee","textAlign":"center","content":"CAROUSEL OF CATEGORIES"} -->
<h2 id="wd-cea903fc" class="wp-block-wd-title title wd-align">CAROUSEL OF CATEGORIES</h2>
<!-- /wp:wd/title --></div></div>
<!-- /wp:wd/divider -->

<!-- wp:wd/product-categories {"blockId":"83fd778d-5098-48ba-aeec-6e76f74647d6","number":"","categories_design":"alt","custom_rounding_size":"","style":"carousel","grid_different_sizes":"","marginBottom":"80","slides_per_view":"4","sync_parent_id":"wd_e73c1699","custom_rounding_sizeUnits":"%","marginBottomTablet":"60","marginBottomMobile":"40"} /-->

<!-- wp:wd/paragraph {"blockId":"3d4830c8-7783-4873-8c59-098bc3eb4177","textAlign":"center","colorVariable":"\u002d\u002dwd-primary-color","marginBottom":"10"} -->
<p id="wd-3d4830c8" class="wp-block-wd-paragraph wd-align">XTEMOS ELEMENT</p>
<!-- /wp:wd/paragraph -->

<!-- wp:wd/divider {"blockId":"a2d2738d-d872-40b6-b93e-0d86e84cc913","innerBlock":"title","marginBottom":"30"} -->
<div id="wd-a2d2738d" class="wp-block-wd-divider wd-style-line wd-added-title"><div class="wd-divider-inner"><!-- wp:wd/title {"blockId":"1ba47cd4-c46b-46d1-989c-1ce2c71d26e4","textAlign":"center","content":"CAROUSEL OF BRANDS"} -->
<h2 id="wd-1ba47cd4" class="wp-block-wd-title title wd-align">CAROUSEL OF BRANDS</h2>
<!-- /wp:wd/title --></div></div>
<!-- /wp:wd/divider -->

<!-- wp:wd/brands {"blockId":"141865cb-2a70-4ce1-92e5-21c6ecba96b7","number":"","columns":4,"marginBottom":"60","slides_per_view":"6","sync_parent_id":"wd_482aebf1","marginBottomTablet":"40","marginBottomMobile":"20"} /-->

<!-- wp:wd/paragraph {"blockId":"f90b701a-96f5-4b7c-8d0d-f0e2ace22cf8","textAlign":"center","colorVariable":"\u002d\u002dwd-primary-color","marginBottom":"10"} -->
<p id="wd-f90b701a" class="wp-block-wd-paragraph wd-align">XTEMOS ELEMENT</p>
<!-- /wp:wd/paragraph -->

<!-- wp:wd/divider {"blockId":"c35d4a77-15d0-45b8-b855-d70dc14df3d6","innerBlock":"title","marginBottom":"30"} -->
<div id="wd-c35d4a77" class="wp-block-wd-divider wd-style-line wd-added-title"><div class="wd-divider-inner"><!-- wp:wd/title {"blockId":"cb12bdb5-597b-47bf-9577-4260404136a7","textAlign":"center","content":"CAROUSEL OF BANNERS"} -->
<h2 id="wd-cb12bdb5" class="wp-block-wd-title title wd-align">CAROUSEL OF BANNERS</h2>
<!-- /wp:wd/title --></div></div>
<!-- /wp:wd/divider -->

<!-- wp:wd/carousel {"blockId":"2a7590ab-67ac-41b6-9df2-965be59b8f08","spacing":"30","syncParentId":"wd_2a7590ab","marginBottom":"80","slidesPerViewTablet":"2","slidesPerViewMobile":"1","marginBottomTablet":"60","marginBottomMobile":"40"} -->
<div id="wd-2a7590ab" class="wp-block-wd-carousel wd-carousel-container"><div class="wd-carousel-inner"><div class="wd-carousel wd-grid" style="--wd-col-lg:3;--wd-col-md:2;--wd-col-sm:1;--wd-gap-lg:30px;--wd-gap-sm:10px" data-scroll_per_page="yes"><div class="wd-carousel-wrap"><!-- wp:wd/carousel-item {"blockId":"42d066ac-edba-418e-b0c2-20ac674fbe79"} -->
<div id="wd-42d066ac" class="wp-block-wd-carousel-item wd-carousel-item"><!-- wp:wd/cover {"blockId":"16612ec3-d106-450a-8aea-981cb9f722e8","hover":"zoom-in","contentAlignVertical":"end","colorScheme":"light","aspectRatio":"asImage","imageAspectRatio":"768/480","height":"246","bgImage":{"id":35184,"url":"https://dummy.xtemos.com/woodmart2/gutenberg/wp-content/uploads/sites/24/2024/11/wood-page-baner-10.jpg"},"overlayColorCode":"#000000","overlayHoverColorCode":"#000000","overlay":true,"overlayOpacity":0.3,"overlayHoverOpacity":0.6,"overlayTransition":0.3} -->
<div id="wd-16612ec3" class="wp-block-wd-cover wd-hover-parent wd-hover-zoom-in color-scheme-light wd-bg-parent"><div class="wd-bg-overlay"></div><div class="wd-block-cover-img"></div><a class="wd-block-cover-link wd-fill" href="#" aria-label="Cover link"></a><!-- wp:wd/container {"blockId":"c98e067c-c0c5-495a-bc0b-c5b96ea8ce5c","transformTranslateY":"50","transformParentHoverTranslateY":"0","transitionTransform":0.3,"displayWidth":"custom","customWidth":"218","transformTranslateYTablet":"0","metadata":{"name":"Banner content"}} -->
<div id="wd-c98e067c" class="wp-block-wd-container wd-dir-col wd-custom-width wd-transform"><!-- wp:wd/title {"blockId":"e61e9ced-0d06-4689-8782-f5d460ca962d","content":"HOVER STYLE BACKGROUND","tpFontSize":"24","tpFontSizeTablet":"22","tpFontSizeMobile":"20"} -->
<h2 id="wd-e61e9ced" class="wp-block-wd-title title">HOVER STYLE BACKGROUND</h2>
<!-- /wp:wd/title -->

<!-- wp:wd/paragraph {"blockId":"562d9e7b-efac-4d7b-9e5e-29b74d8bd129"} -->
<p id="wd-562d9e7b" class="wp-block-wd-paragraph">Lorem ipsum dolor sit amet, consectetur.</p>
<!-- /wp:wd/paragraph -->

<!-- wp:wd/button {"blockId":"1afd060f-fc3e-4e81-8069-f7f66895825f","design":"bordered","predefinedColor":"white","size":"small","marginTop":"5","transformTranslateY":"15","transformParentHoverTranslateX":"","transformParentHoverTranslateY":"0","hideOnTablet":true,"hideOnMobile":true,"transitionOpacity":0.4,"opacity":0,"opacityParentHover":1,"transformTranslateYMobile":"0","opacityMobile":1} -->
<a id="wd-1afd060f" class="wp-block-wd-button btn btn-style-bordered btn-color-white btn-size-small btn-shape-rectangle wd-hide-md-sm wd-hide-sm wd-transform" href="#"><span>Button</span></a>
<!-- /wp:wd/button --></div>
<!-- /wp:wd/container --></div>
<!-- /wp:wd/cover --></div>
<!-- /wp:wd/carousel-item -->

<!-- wp:wd/carousel-item {"blockId":"987bb2e0-a479-4589-8d65-d9da36146258"} -->
<div id="wd-987bb2e0" class="wp-block-wd-carousel-item wd-carousel-item"><!-- wp:wd/cover {"blockId":"47a6d2f0-021a-4763-8d26-ff596ff95840","hover":"zoom-in","align":"center","contentAlignHorizontal":"center","contentAlignVertical":"center","colorScheme":"light","aspectRatio":"asImage","imageAspectRatio":"768/480","height":"246","bgImage":{"id":35183,"url":"https://dummy.xtemos.com/woodmart2/gutenberg/wp-content/uploads/sites/24/2024/11/wood-page-baner-9.jpg"},"overlayColorCode":"#000000","overlayHoverColorCode":"#000000","overlay":true,"overlayOpacity":0.3,"overlayHoverOpacity":0.6,"overlayTransition":0.3} -->
<div id="wd-47a6d2f0" class="wp-block-wd-cover wd-hover-parent wd-align wd-hover-zoom-in color-scheme-light wd-bg-parent"><div class="wd-bg-overlay"></div><div class="wd-block-cover-img"></div><a class="wd-block-cover-link wd-fill" href="#" aria-label="Cover link"></a><!-- wp:wd/container {"blockId":"eafb8d09-6086-464c-8e18-50da60d95039","transformTranslateY":"16","transformParentHoverTranslateY":"0","transitionTransform":0.3,"displayWidth":"custom","customWidth":"183","transformTranslateYTablet":"0","metadata":{"name":"Banner content"}} -->
<div id="wd-eafb8d09" class="wp-block-wd-container wd-dir-col wd-custom-width wd-transform"><!-- wp:wd/title {"blockId":"6a7b5ff7-6449-4838-b98d-5b7cfbc35d57","content":"HOVER STYLE BACKGROUND","tpFontSize":"24","tpFontSizeTablet":"22","tpFontSizeMobile":"20"} -->
<h2 id="wd-6a7b5ff7" class="wp-block-wd-title title">HOVER STYLE BACKGROUND</h2>
<!-- /wp:wd/title -->

<!-- wp:wd/paragraph {"blockId":"8d45af51-8297-40db-9418-1e1fab99dd32"} -->
<p id="wd-8d45af51" class="wp-block-wd-paragraph">Lorem ipsum dolor sit amet, consectetur.</p>
<!-- /wp:wd/paragraph -->

<!-- wp:wd/button {"blockId":"8036bcb0-7dac-4583-aef8-eda81cbd6dcb","design":"bordered","predefinedColor":"white","size":"small","marginTop":"5","transformTranslateY":"15","transformParentHoverTranslateX":"","transformParentHoverTranslateY":"0","hideOnTablet":true,"hideOnMobile":true,"transitionOpacity":0.4,"opacity":0,"opacityParentHover":1,"transformTranslateYMobile":"0","opacityMobile":1} -->
<a id="wd-8036bcb0" class="wp-block-wd-button btn btn-style-bordered btn-color-white btn-size-small btn-shape-rectangle wd-hide-md-sm wd-hide-sm wd-transform" href="#"><span>Button</span></a>
<!-- /wp:wd/button --></div>
<!-- /wp:wd/container --></div>
<!-- /wp:wd/cover --></div>
<!-- /wp:wd/carousel-item -->

<!-- wp:wd/carousel-item {"blockId":"aeca1579-d60f-41f8-b58d-70c68b966a89"} -->
<div id="wd-aeca1579" class="wp-block-wd-carousel-item wd-carousel-item"><!-- wp:wd/cover {"blockId":"b603f790-185d-4981-9cbd-62c88a9f2ae9","hover":"zoom-in","align":"end","contentAlignHorizontal":"end","contentAlignVertical":"end","colorScheme":"light","aspectRatio":"asImage","imageAspectRatio":"768/480","height":"246","bgImage":{"id":35185,"url":"https://dummy.xtemos.com/woodmart2/gutenberg/wp-content/uploads/sites/24/2024/11/wood-page-baner-8.jpg"},"overlayColorCode":"#000000","overlayHoverColorCode":"#000000","overlay":true,"overlayOpacity":0.3,"overlayHoverOpacity":0.6,"overlayTransition":0.3} -->
<div id="wd-b603f790" class="wp-block-wd-cover wd-hover-parent wd-align wd-hover-zoom-in color-scheme-light wd-bg-parent"><div class="wd-bg-overlay"></div><div class="wd-block-cover-img"></div><a class="wd-block-cover-link wd-fill" href="#" aria-label="Cover link"></a><!-- wp:wd/container {"blockId":"e8f595ae-051b-4a77-b86e-272f12746697","transformTranslateY":"50","transformParentHoverTranslateY":"0","transitionTransform":0.3,"displayWidth":"custom","customWidth":"218","transformTranslateYTablet":"0","metadata":{"name":"Banner content"}} -->
<div id="wd-e8f595ae" class="wp-block-wd-container wd-dir-col wd-custom-width wd-transform"><!-- wp:wd/title {"blockId":"bbf8f321-f8b5-4bed-ae3e-5cc159228a5c","content":"HOVER STYLE BACKGROUND","tpFontSize":"24","tpFontSizeTablet":"22","tpFontSizeMobile":"20"} -->
<h2 id="wd-bbf8f321" class="wp-block-wd-title title">HOVER STYLE BACKGROUND</h2>
<!-- /wp:wd/title -->

<!-- wp:wd/paragraph {"blockId":"265deeed-263d-4c19-8c30-03f634f84a6a"} -->
<p id="wd-265deeed" class="wp-block-wd-paragraph">Lorem ipsum dolor sit amet, consectetur.</p>
<!-- /wp:wd/paragraph -->

<!-- wp:wd/button {"blockId":"cb205a02-274a-45f4-9299-9d9eb5324ebc","design":"bordered","predefinedColor":"white","size":"small","marginTop":"5","transformTranslateY":"15","transformParentHoverTranslateX":"","transformParentHoverTranslateY":"0","hideOnTablet":true,"hideOnMobile":true,"transitionOpacity":0.4,"opacity":0,"opacityParentHover":1,"transformTranslateYMobile":"0","opacityMobile":1} -->
<a id="wd-cb205a02" class="wp-block-wd-button btn btn-style-bordered btn-color-white btn-size-small btn-shape-rectangle wd-hide-md-sm wd-hide-sm wd-transform" href="#"><span>Button</span></a>
<!-- /wp:wd/button --></div>
<!-- /wp:wd/container --></div>
<!-- /wp:wd/cover --></div>
<!-- /wp:wd/carousel-item -->

<!-- wp:wd/carousel-item {"blockId":"bff64202-0d7d-4b54-9dc2-f9dbae73f848"} -->
<div id="wd-bff64202" class="wp-block-wd-carousel-item wd-carousel-item"><!-- wp:wd/cover {"blockId":"fe923488-c8da-4831-a311-e3d289cdfad3","hover":"zoom-in","align":"center","contentAlignHorizontal":"center","contentAlignVertical":"center","colorScheme":"light","aspectRatio":"asImage","imageAspectRatio":"768/480","height":"246","bgImage":{"id":35199,"url":"https://dummy.xtemos.com/woodmart2/gutenberg/wp-content/uploads/sites/24/2024/11/wood-page-baner-13.jpg"},"overlayColorCode":"#000000","overlayHoverColorCode":"#000000","overlay":true,"overlayOpacity":0.3,"overlayHoverOpacity":0.6,"overlayTransition":0.3} -->
<div id="wd-fe923488" class="wp-block-wd-cover wd-hover-parent wd-align wd-hover-zoom-in color-scheme-light wd-bg-parent"><div class="wd-bg-overlay"></div><div class="wd-block-cover-img"></div><a class="wd-block-cover-link wd-fill" href="#" aria-label="Cover link"></a><!-- wp:wd/container {"blockId":"4082c49d-c732-4385-893e-2adeeb9570dd","transformTranslateY":"16","transformParentHoverTranslateY":"0","transitionTransform":0.3,"displayWidth":"custom","customWidth":"183","transformTranslateYTablet":"0","metadata":{"name":"Banner content"}} -->
<div id="wd-4082c49d" class="wp-block-wd-container wd-dir-col wd-custom-width wd-transform"><!-- wp:wd/title {"blockId":"7a82b75f-0952-40b9-be22-0edd91ec03b7","content":"HOVER STYLE BACKGROUND","tpFontSize":"24","tpFontSizeTablet":"22","tpFontSizeMobile":"20"} -->
<h2 id="wd-7a82b75f" class="wp-block-wd-title title">HOVER STYLE BACKGROUND</h2>
<!-- /wp:wd/title -->

<!-- wp:wd/paragraph {"blockId":"c9d22df6-75d7-4d35-9175-60a51f64756d"} -->
<p id="wd-c9d22df6" class="wp-block-wd-paragraph">Lorem ipsum dolor sit amet, consectetur.</p>
<!-- /wp:wd/paragraph -->

<!-- wp:wd/button {"blockId":"4f47fdab-83b2-4429-887d-4e2acfeaca25","design":"bordered","predefinedColor":"white","size":"small","marginTop":"5","transformTranslateY":"15","transformParentHoverTranslateX":"","transformParentHoverTranslateY":"0","hideOnTablet":true,"hideOnMobile":true,"transitionOpacity":0.4,"opacity":0,"opacityParentHover":1,"transformTranslateYMobile":"0","opacityMobile":1} -->
<a id="wd-4f47fdab" class="wp-block-wd-button btn btn-style-bordered btn-color-white btn-size-small btn-shape-rectangle wd-hide-md-sm wd-hide-sm wd-transform" href="#"><span>Button</span></a>
<!-- /wp:wd/button --></div>
<!-- /wp:wd/container --></div>
<!-- /wp:wd/cover --></div>
<!-- /wp:wd/carousel-item -->

<!-- wp:wd/carousel-item {"blockId":"009dda62-034b-4949-bc9d-b9041c84c6ad"} -->
<div id="wd-009dda62" class="wp-block-wd-carousel-item wd-carousel-item"><!-- wp:wd/cover {"blockId":"898f1eb5-4f64-4788-9b38-93d218b1ea6a","hover":"zoom-in","align":"center","contentAlignHorizontal":"center","contentAlignVertical":"end","colorScheme":"light","aspectRatio":"asImage","imageAspectRatio":"768/480","height":"246","bgImage":{"id":35196,"url":"https://dummy.xtemos.com/woodmart2/gutenberg/wp-content/uploads/sites/24/2024/11/wood-page-baner-11.jpg"},"overlayColorCode":"#000000","overlayHoverColorCode":"#000000","overlay":true,"overlayOpacity":0.3,"overlayHoverOpacity":0.6,"overlayTransition":0.3} -->
<div id="wd-898f1eb5" class="wp-block-wd-cover wd-hover-parent wd-align wd-hover-zoom-in color-scheme-light wd-bg-parent"><div class="wd-bg-overlay"></div><div class="wd-block-cover-img"></div><a class="wd-block-cover-link wd-fill" href="#" aria-label="Cover link"></a><!-- wp:wd/container {"blockId":"303a719f-f172-49f5-8a2e-de45344c02c8","transformTranslateY":"50","transformParentHoverTranslateY":"0","transitionTransform":0.3,"displayWidth":"custom","customWidth":"183","transformTranslateYTablet":"0","metadata":{"name":"Banner content"}} -->
<div id="wd-303a719f" class="wp-block-wd-container wd-dir-col wd-custom-width wd-transform"><!-- wp:wd/title {"blockId":"b37b41fc-eee7-4cd5-b29e-350664914dce","content":"HOVER STYLE BACKGROUND","tpFontSize":"24","tpFontSizeTablet":"22","tpFontSizeMobile":"20"} -->
<h2 id="wd-b37b41fc" class="wp-block-wd-title title">HOVER STYLE BACKGROUND</h2>
<!-- /wp:wd/title -->

<!-- wp:wd/paragraph {"blockId":"00d6149e-2cba-4941-8cd7-01653037f993"} -->
<p id="wd-00d6149e" class="wp-block-wd-paragraph">Lorem ipsum dolor sit amet, consectetur.</p>
<!-- /wp:wd/paragraph -->

<!-- wp:wd/button {"blockId":"d9603d6c-c391-4679-9a68-e28352e16325","design":"bordered","predefinedColor":"white","size":"small","marginTop":"5","transformTranslateY":"15","transformParentHoverTranslateX":"","transformParentHoverTranslateY":"0","hideOnTablet":true,"hideOnMobile":true,"transitionOpacity":0.4,"opacity":0,"opacityParentHover":1,"transformTranslateYMobile":"0","opacityMobile":1} -->
<a id="wd-d9603d6c" class="wp-block-wd-button btn btn-style-bordered btn-color-white btn-size-small btn-shape-rectangle wd-hide-md-sm wd-hide-sm wd-transform" href="#"><span>Button</span></a>
<!-- /wp:wd/button --></div>
<!-- /wp:wd/container --></div>
<!-- /wp:wd/cover --></div>
<!-- /wp:wd/carousel-item -->

<!-- wp:wd/carousel-item {"blockId":"faf5370c-deb4-4a18-9fa6-e5c8b156a201"} -->
<div id="wd-faf5370c" class="wp-block-wd-carousel-item wd-carousel-item"><!-- wp:wd/cover {"blockId":"053033d0-7ae7-487a-8960-5c85173782c7","hover":"zoom-in","align":"center","contentAlignHorizontal":"center","contentAlignVertical":"center","colorScheme":"light","aspectRatio":"asImage","imageAspectRatio":"768/480","height":"246","bgImage":{"id":35197,"url":"https://dummy.xtemos.com/woodmart2/gutenberg/wp-content/uploads/sites/24/2024/11/wood-page-baner-12.jpg"},"overlayColorCode":"#000000","overlayHoverColorCode":"#000000","overlay":true,"overlayOpacity":0.3,"overlayHoverOpacity":0.6,"overlayTransition":0.3} -->
<div id="wd-053033d0" class="wp-block-wd-cover wd-hover-parent wd-align wd-hover-zoom-in color-scheme-light wd-bg-parent"><div class="wd-bg-overlay"></div><div class="wd-block-cover-img"></div><a class="wd-block-cover-link wd-fill" href="#" aria-label="Cover link"></a><!-- wp:wd/container {"blockId":"d8584cd6-31a0-4041-9115-c8d58812b49a","transformTranslateY":"16","transformParentHoverTranslateY":"0","transitionTransform":0.3,"displayWidth":"custom","customWidth":"183","transformTranslateYTablet":"0","metadata":{"name":"Banner content"}} -->
<div id="wd-d8584cd6" class="wp-block-wd-container wd-dir-col wd-custom-width wd-transform"><!-- wp:wd/title {"blockId":"ea0346d8-b7b4-41e8-8c59-7e62bb664d2c","content":"HOVER STYLE BACKGROUND","tpFontSize":"24","tpFontSizeTablet":"22","tpFontSizeMobile":"20"} -->
<h2 id="wd-ea0346d8" class="wp-block-wd-title title">HOVER STYLE BACKGROUND</h2>
<!-- /wp:wd/title -->

<!-- wp:wd/paragraph {"blockId":"b07a5472-a6fc-4f3d-a7c8-2860ca8d43da"} -->
<p id="wd-b07a5472" class="wp-block-wd-paragraph">Lorem ipsum dolor sit amet, consectetur.</p>
<!-- /wp:wd/paragraph -->

<!-- wp:wd/button {"blockId":"a5b802a7-8393-488d-9015-2073e5fe2b22","design":"bordered","predefinedColor":"white","size":"small","marginTop":"5","transformTranslateY":"15","transformParentHoverTranslateX":"","transformParentHoverTranslateY":"0","hideOnTablet":true,"hideOnMobile":true,"transitionOpacity":0.4,"opacity":0,"opacityParentHover":1,"transformTranslateYMobile":"0","opacityMobile":1} -->
<a id="wd-a5b802a7" class="wp-block-wd-button btn btn-style-bordered btn-color-white btn-size-small btn-shape-rectangle wd-hide-md-sm wd-hide-sm wd-transform" href="#"><span>Button</span></a>
<!-- /wp:wd/button --></div>
<!-- /wp:wd/container --></div>
<!-- /wp:wd/cover --></div>
<!-- /wp:wd/carousel-item --></div></div><div class="wd-nav-arrows wd-pos-sep wd-hover-1 wd-icon-1"><div class="wd-btn-arrow wd-prev"><div class="wd-arrow-inner"></div></div><div class="wd-btn-arrow wd-next"><div class="wd-arrow-inner"></div></div></div></div><div class="wd-nav-pagin-wrap text-center wd-style-shape"><ul class="wd-nav-pagin"></ul></div></div>
<!-- /wp:wd/carousel -->

<!-- wp:wd/paragraph {"blockId":"918c137b-97e8-4611-aa10-9df3206bae6e","textAlign":"center","colorVariable":"\u002d\u002dwd-primary-color","marginBottom":"10"} -->
<p id="wd-918c137b" class="wp-block-wd-paragraph wd-align">XTEMOS ELEMENT</p>
<!-- /wp:wd/paragraph -->

<!-- wp:wd/divider {"blockId":"3edca712-4996-4b21-a426-1cb19ac0fbd4","innerBlock":"title","marginBottom":"30"} -->
<div id="wd-3edca712" class="wp-block-wd-divider wd-style-line wd-added-title"><div class="wd-divider-inner"><!-- wp:wd/title {"blockId":"2b22b7f2-77cc-42d4-9d0e-cbed55357f45","textAlign":"center","content":"INFOBOX CAROUSEL"} -->
<h2 id="wd-2b22b7f2" class="wp-block-wd-title title wd-align">INFOBOX CAROUSEL</h2>
<!-- /wp:wd/title --></div></div>
<!-- /wp:wd/divider -->

<!-- wp:wd/carousel {"blockId":"20fd933e-46ef-49e9-84e0-738aeec924f1","currentSlide":1,"syncParentId":"wd_20fd933e","marginBottom":"80","slidesPerViewMobile":"1","marginBottomTablet":"60","marginBottomMobile":"40"} -->
<div id="wd-20fd933e" class="wp-block-wd-carousel wd-carousel-container"><div class="wd-carousel-inner"><div class="wd-carousel wd-grid" style="--wd-col-lg:3;--wd-col-md:3;--wd-col-sm:1;--wd-gap-lg:20px;--wd-gap-sm:10px" data-scroll_per_page="yes"><div class="wd-carousel-wrap"><!-- wp:wd/carousel-item {"blockId":"9c062ded-80e6-4172-8361-826863a7d705"} -->
<div id="wd-9c062ded" class="wp-block-wd-carousel-item wd-carousel-item"><!-- wp:wd/infobox {"blockId":"1cb9d779-b35e-4d42-9b3c-027bd43fe35b","align":"center"} -->
<div id="wd-1cb9d779" class="wp-block-wd-infobox wd-hover-parent wd-align wd-icon-top"><!-- wp:wd/icon {"blockId":"9811d386-c3ff-46e7-910b-4056f635da08","image":{"id":35012,"url":"https://dummy.xtemos.com/woodmart2/gutenberg/wp-content/uploads/sites/24/2024/11/shop.svg"},"width":"80"} -->
<div id="wd-9811d386" class="wp-block-wd-icon"><img class="wp-image-35012" src="https://dummy.xtemos.com/woodmart2/gutenberg/wp-content/uploads/sites/24/2024/11/shop.svg" alt="" /></div>
<!-- /wp:wd/icon -->

<!-- wp:wd/container {"blockId":"f28afc60-8cb7-46f5-ac37-39e5117f9270","displayWidth":"","customWidth":"","metadata":{"name":"Infobox content"}} -->
<div id="wd-f28afc60" class="wp-block-wd-container wd-dir-col"><!-- wp:wd/title {"blockId":"cd3d5d0f-7772-4d81-b90b-01c04905b263","content":"INFOBOX TITLE","tpFontSize":"18"} -->
<h2 id="wd-cd3d5d0f" class="wp-block-wd-title title">INFOBOX TITLE</h2>
<!-- /wp:wd/title -->

<!-- wp:wd/paragraph {"blockId":"b2c465b4-e7bb-4e31-935d-8db9c8ad8a65","displayWidth":"custom","customWidth":"335"} -->
<p id="wd-b2c465b4" class="wp-block-wd-paragraph wd-custom-width">Lorem ipsum dolor sit amet, consectetur adipiscing elit, sed do eiusmod tempor.</p>
<!-- /wp:wd/paragraph --></div>
<!-- /wp:wd/container --></div>
<!-- /wp:wd/infobox --></div>
<!-- /wp:wd/carousel-item -->

<!-- wp:wd/carousel-item {"blockId":"38d636ba-7c0d-4eaf-a103-9875749d363f"} -->
<div id="wd-38d636ba" class="wp-block-wd-carousel-item wd-carousel-item"><!-- wp:wd/infobox {"blockId":"d40b1f6e-0d0d-42e0-b05d-80d7d3be3a43","align":"center"} -->
<div id="wd-d40b1f6e" class="wp-block-wd-infobox wd-hover-parent wd-align wd-icon-top"><!-- wp:wd/icon {"blockId":"126e43b3-8df4-47f7-9ebf-8337d402cb08","image":{"id":35016,"url":"https://dummy.xtemos.com/woodmart2/gutenberg/wp-content/uploads/sites/24/2024/11/003-advertising.svg"},"width":"80"} -->
<div id="wd-126e43b3" class="wp-block-wd-icon"><img class="wp-image-35016" src="https://dummy.xtemos.com/woodmart2/gutenberg/wp-content/uploads/sites/24/2024/11/003-advertising.svg" alt="" /></div>
<!-- /wp:wd/icon -->

<!-- wp:wd/container {"blockId":"d67661be-2200-4880-aa4d-f54325e17962","displayWidth":"","customWidth":"","metadata":{"name":"Infobox content"}} -->
<div id="wd-d67661be" class="wp-block-wd-container wd-dir-col"><!-- wp:wd/title {"blockId":"89f7e401-eca5-4d2c-bcd6-523c299a1c25","content":"INFOBOX TITLE","tpFontSize":"18"} -->
<h2 id="wd-89f7e401" class="wp-block-wd-title title">INFOBOX TITLE</h2>
<!-- /wp:wd/title -->

<!-- wp:wd/paragraph {"blockId":"580e22e3-a462-41f7-b338-bcf5de7a9e97","displayWidth":"custom","customWidth":"335"} -->
<p id="wd-580e22e3" class="wp-block-wd-paragraph wd-custom-width">Lorem ipsum dolor sit amet, consectetur adipiscing elit, sed do eiusmod tempor.</p>
<!-- /wp:wd/paragraph --></div>
<!-- /wp:wd/container --></div>
<!-- /wp:wd/infobox --></div>
<!-- /wp:wd/carousel-item -->

<!-- wp:wd/carousel-item {"blockId":"fcd5f2c4-931d-4522-a3bf-c13278748aaa"} -->
<div id="wd-fcd5f2c4" class="wp-block-wd-carousel-item wd-carousel-item"><!-- wp:wd/infobox {"blockId":"6a183662-44b9-4040-a9f8-46b5f85033da","align":"center"} -->
<div id="wd-6a183662" class="wp-block-wd-infobox wd-hover-parent wd-align wd-icon-top"><!-- wp:wd/icon {"blockId":"cb463f45-21c9-4270-9fd8-02b67138322e","image":{"id":35017,"url":"https://dummy.xtemos.com/woodmart2/gutenberg/wp-content/uploads/sites/24/2024/11/002-arrow.svg"},"width":"80"} -->
<div id="wd-cb463f45" class="wp-block-wd-icon"><img class="wp-image-35017" src="https://dummy.xtemos.com/woodmart2/gutenberg/wp-content/uploads/sites/24/2024/11/002-arrow.svg" alt="" /></div>
<!-- /wp:wd/icon -->

<!-- wp:wd/container {"blockId":"f8ac568f-f5d9-417f-99b3-ae8d04936a69","displayWidth":"","customWidth":"","metadata":{"name":"Infobox content"}} -->
<div id="wd-f8ac568f" class="wp-block-wd-container wd-dir-col"><!-- wp:wd/title {"blockId":"bc824d4d-b764-42a7-a49d-253a451cdf62","content":"INFOBOX TITLE","tpFontSize":"18"} -->
<h2 id="wd-bc824d4d" class="wp-block-wd-title title">INFOBOX TITLE</h2>
<!-- /wp:wd/title -->

<!-- wp:wd/paragraph {"blockId":"bfb609b0-ee54-47aa-8ff8-01a6bcef9fed","displayWidth":"custom","customWidth":"335"} -->
<p id="wd-bfb609b0" class="wp-block-wd-paragraph wd-custom-width">Lorem ipsum dolor sit amet, consectetur adipiscing elit, sed do eiusmod tempor.</p>
<!-- /wp:wd/paragraph --></div>
<!-- /wp:wd/container --></div>
<!-- /wp:wd/infobox --></div>
<!-- /wp:wd/carousel-item -->

<!-- wp:wd/carousel-item {"blockId":"1cf7e4b1-83ec-45b8-89be-2522b8dfd121"} -->
<div id="wd-1cf7e4b1" class="wp-block-wd-carousel-item wd-carousel-item"><!-- wp:wd/infobox {"blockId":"a36def81-fc28-4bcf-8028-44f5894bc909","align":"center"} -->
<div id="wd-a36def81" class="wp-block-wd-infobox wd-hover-parent wd-align wd-icon-top"><!-- wp:wd/icon {"blockId":"f542a250-7e34-4d22-ba0c-0d2883a7a854","image":{"id":35039,"url":"https://dummy.xtemos.com/woodmart2/gutenberg/wp-content/uploads/sites/24/2024/11/wood-presentation.svg"},"width":"80"} -->
<div id="wd-f542a250" class="wp-block-wd-icon"><img class="wp-image-35039" src="https://dummy.xtemos.com/woodmart2/gutenberg/wp-content/uploads/sites/24/2024/11/wood-presentation.svg" alt="" /></div>
<!-- /wp:wd/icon -->

<!-- wp:wd/container {"blockId":"4e8336c5-d285-44ea-928a-17b3d9310fc7","displayWidth":"","customWidth":"","metadata":{"name":"Infobox content"}} -->
<div id="wd-4e8336c5" class="wp-block-wd-container wd-dir-col"><!-- wp:wd/title {"blockId":"6a69b3f1-df8e-461b-886e-9bc4f7431dcf","content":"INFOBOX TITLE","tpFontSize":"18"} -->
<h2 id="wd-6a69b3f1" class="wp-block-wd-title title">INFOBOX TITLE</h2>
<!-- /wp:wd/title -->

<!-- wp:wd/paragraph {"blockId":"1654d9dd-e755-4b9c-b5e1-da1f03bd643f","displayWidth":"custom","customWidth":"335"} -->
<p id="wd-1654d9dd" class="wp-block-wd-paragraph wd-custom-width">Lorem ipsum dolor sit amet, consectetur adipiscing elit, sed do eiusmod tempor.</p>
<!-- /wp:wd/paragraph --></div>
<!-- /wp:wd/container --></div>
<!-- /wp:wd/infobox --></div>
<!-- /wp:wd/carousel-item --></div></div><div class="wd-nav-arrows wd-pos-sep wd-hover-1 wd-icon-1"><div class="wd-btn-arrow wd-prev"><div class="wd-arrow-inner"></div></div><div class="wd-btn-arrow wd-next"><div class="wd-arrow-inner"></div></div></div></div><div class="wd-nav-pagin-wrap text-center wd-style-shape"><ul class="wd-nav-pagin"></ul></div></div>
<!-- /wp:wd/carousel -->

<!-- wp:wd/paragraph {"blockId":"2a851de5-9a4e-42c1-aa52-0073d5a36ab8","textAlign":"center","colorVariable":"\u002d\u002dwd-primary-color","marginBottom":"10"} -->
<p id="wd-2a851de5" class="wp-block-wd-paragraph wd-align">XTEMOS ELEMENT</p>
<!-- /wp:wd/paragraph -->

<!-- wp:wd/divider {"blockId":"70af1241-13ad-464f-8981-42a4654e5a0d","innerBlock":"title","marginBottom":"30"} -->
<div id="wd-70af1241" class="wp-block-wd-divider wd-style-line wd-added-title"><div class="wd-divider-inner"><!-- wp:wd/title {"blockId":"be5fdc30-9bce-437a-a5ec-0583efcce1ca","textAlign":"center","content":"GALLERY CAROUSEL"} -->
<h2 id="wd-be5fdc30" class="wp-block-wd-title title wd-align">GALLERY CAROUSEL</h2>
<!-- /wp:wd/title --></div></div>
<!-- /wp:wd/divider -->

<!-- wp:wd/gallery {"blockId":"df8de91f-102e-497c-8224-72d35f19c97d","columns":3,"spacing":"10","expandOnClick":true,"layout":"carousel","currentSlide":1,"syncParentId":"wd_df8de91f","marginBottom":"80","marginBottomTablet":"60","marginBottomMobile":"40"} -->
<div id="wd-df8de91f" class="wp-block-wd-gallery wd-carousel-container wd-caption-mask"><div class="wd-carousel-inner"><div class="wd-carousel wd-grid" style="--wd-col-lg:3;--wd-col-md:3;--wd-col-sm:1;--wd-gap-lg:10px" data-scroll_per_page="yes"><div class="wd-carousel-wrap"><!-- wp:wd/gallery-item {"blockId":"ab76f532-41a4-41f4-9635-3233d5e6fce5","image":{"id":35126,"url":"https://dummy.xtemos.com/woodmart2/gutenberg/wp-content/uploads/sites/24/2024/11/gallery-22.jpg"},"expandOnClick":true,"layout":"carousel","imageData":{"url":"https://dummy.xtemos.com/woodmart2/gutenberg/wp-content/uploads/sites/24/2024/11/gallery-22.jpg"}} -->
<div id="wd-ab76f532" class="wp-block-wd-gallery-item wd-carousel-item photoswipe-images"><div class="wd-block-image"><a href="https://dummy.xtemos.com/woodmart2/gutenberg/wp-content/uploads/sites/24/2024/11/gallery-22.jpg" data-elementor-open-lightbox="no"><img class="wp-image-35126" src="https://dummy.xtemos.com/woodmart2/gutenberg/wp-content/uploads/sites/24/2024/11/gallery-22.jpg" alt="" /></a></div></div>
<!-- /wp:wd/gallery-item -->

<!-- wp:wd/gallery-item {"blockId":"6b4f0fae-53bb-44a1-97bb-d9594e2e4abb","image":{"id":35124,"url":"https://dummy.xtemos.com/woodmart2/gutenberg/wp-content/uploads/sites/24/2024/11/gallery-223.jpg"},"expandOnClick":true,"layout":"carousel","imageData":{"url":"https://dummy.xtemos.com/woodmart2/gutenberg/wp-content/uploads/sites/24/2024/11/gallery-223.jpg"}} -->
<div id="wd-6b4f0fae" class="wp-block-wd-gallery-item wd-carousel-item photoswipe-images"><div class="wd-block-image"><a href="https://dummy.xtemos.com/woodmart2/gutenberg/wp-content/uploads/sites/24/2024/11/gallery-223.jpg" data-elementor-open-lightbox="no"><img class="wp-image-35124" src="https://dummy.xtemos.com/woodmart2/gutenberg/wp-content/uploads/sites/24/2024/11/gallery-223.jpg" alt="" /></a></div></div>
<!-- /wp:wd/gallery-item -->

<!-- wp:wd/gallery-item {"blockId":"401b8e9c-ab51-4e85-b493-c580c7e13954","image":{"id":35122,"url":"https://dummy.xtemos.com/woodmart2/gutenberg/wp-content/uploads/sites/24/2024/11/gallery-22333.jpg"},"expandOnClick":true,"layout":"carousel","imageData":{"url":"https://dummy.xtemos.com/woodmart2/gutenberg/wp-content/uploads/sites/24/2024/11/gallery-22333.jpg"}} -->
<div id="wd-401b8e9c" class="wp-block-wd-gallery-item wd-carousel-item photoswipe-images"><div class="wd-block-image"><a href="https://dummy.xtemos.com/woodmart2/gutenberg/wp-content/uploads/sites/24/2024/11/gallery-22333.jpg" data-elementor-open-lightbox="no"><img class="wp-image-35122" src="https://dummy.xtemos.com/woodmart2/gutenberg/wp-content/uploads/sites/24/2024/11/gallery-22333.jpg" alt="" /></a></div></div>
<!-- /wp:wd/gallery-item -->

<!-- wp:wd/gallery-item {"blockId":"d110a99e-e1d1-4526-a6a1-257ecea0bdf0","image":{"id":35123,"url":"https://dummy.xtemos.com/woodmart2/gutenberg/wp-content/uploads/sites/24/2024/11/gallery-4.jpg"},"expandOnClick":true,"layout":"carousel","imageData":{"url":"https://dummy.xtemos.com/woodmart2/gutenberg/wp-content/uploads/sites/24/2024/11/gallery-4.jpg"}} -->
<div id="wd-d110a99e" class="wp-block-wd-gallery-item wd-carousel-item photoswipe-images"><div class="wd-block-image"><a href="https://dummy.xtemos.com/woodmart2/gutenberg/wp-content/uploads/sites/24/2024/11/gallery-4.jpg" data-elementor-open-lightbox="no"><img class="wp-image-35123" src="https://dummy.xtemos.com/woodmart2/gutenberg/wp-content/uploads/sites/24/2024/11/gallery-4.jpg" alt="" /></a></div></div>
<!-- /wp:wd/gallery-item -->

<!-- wp:wd/gallery-item {"blockId":"00922bb5-8810-4b32-b2da-4f6b7771acca","image":{"id":35121,"url":"https://dummy.xtemos.com/woodmart2/gutenberg/wp-content/uploads/sites/24/2024/11/gallery-3.jpg"},"expandOnClick":true,"layout":"carousel","imageData":{"url":"https://dummy.xtemos.com/woodmart2/gutenberg/wp-content/uploads/sites/24/2024/11/gallery-3.jpg"}} -->
<div id="wd-00922bb5" class="wp-block-wd-gallery-item wd-carousel-item photoswipe-images"><div class="wd-block-image"><a href="https://dummy.xtemos.com/woodmart2/gutenberg/wp-content/uploads/sites/24/2024/11/gallery-3.jpg" data-elementor-open-lightbox="no"><img class="wp-image-35121" src="https://dummy.xtemos.com/woodmart2/gutenberg/wp-content/uploads/sites/24/2024/11/gallery-3.jpg" alt="" /></a></div></div>
<!-- /wp:wd/gallery-item -->

<!-- wp:wd/gallery-item {"blockId":"5591ed2f-12e8-4d7c-a61c-40bc26bbf8b3","image":{"id":35125,"url":"https://dummy.xtemos.com/woodmart2/gutenberg/wp-content/uploads/sites/24/2024/11/gallery-1.jpg"},"expandOnClick":true,"layout":"carousel","imageData":{"url":"https://dummy.xtemos.com/woodmart2/gutenberg/wp-content/uploads/sites/24/2024/11/gallery-1.jpg"}} -->
<div id="wd-5591ed2f" class="wp-block-wd-gallery-item wd-carousel-item photoswipe-images"><div class="wd-block-image"><a href="https://dummy.xtemos.com/woodmart2/gutenberg/wp-content/uploads/sites/24/2024/11/gallery-1.jpg" data-elementor-open-lightbox="no"><img class="wp-image-35125" src="https://dummy.xtemos.com/woodmart2/gutenberg/wp-content/uploads/sites/24/2024/11/gallery-1.jpg" alt="" /></a></div></div>
<!-- /wp:wd/gallery-item -->

<!-- wp:wd/gallery-item {"blockId":"1b87721b-2bf0-459b-ab1a-7c197f3d8ff4","image":{"id":35135,"url":"https://dummy.xtemos.com/woodmart2/gutenberg/wp-content/uploads/sites/24/2024/11/gallery-6.jpg"},"expandOnClick":true,"layout":"carousel","imageData":{"url":"https://dummy.xtemos.com/woodmart2/gutenberg/wp-content/uploads/sites/24/2024/11/gallery-6.jpg","width":1201,"height":800}} -->
<div id="wd-1b87721b" class="wp-block-wd-gallery-item wd-carousel-item photoswipe-images"><div class="wd-block-image"><a href="https://dummy.xtemos.com/woodmart2/gutenberg/wp-content/uploads/sites/24/2024/11/gallery-6.jpg" data-width="1201" data-height="800" data-elementor-open-lightbox="no"><img class="wp-image-35135" src="https://dummy.xtemos.com/woodmart2/gutenberg/wp-content/uploads/sites/24/2024/11/gallery-6.jpg" alt="" /></a></div></div>
<!-- /wp:wd/gallery-item --></div></div><div class="wd-nav-arrows wd-pos-sep wd-hover-1 wd-icon-1"><div class="wd-btn-arrow wd-prev"><div class="wd-arrow-inner"></div></div><div class="wd-btn-arrow wd-next"><div class="wd-arrow-inner"></div></div></div></div><div class="wd-nav-pagin-wrap text-center wd-style-shape"><ul class="wd-nav-pagin"></ul></div></div>
<!-- /wp:wd/gallery -->

<!-- wp:wd/paragraph {"blockId":"2bd63470-34ce-449d-8387-55794a5e793e","textAlign":"center","colorVariable":"\u002d\u002dwd-primary-color","marginBottom":"10"} -->
<p id="wd-2bd63470" class="wp-block-wd-paragraph wd-align">XTEMOS ELEMENT</p>
<!-- /wp:wd/paragraph -->

<!-- wp:wd/divider {"blockId":"dfb0feae-8610-4413-9efa-d9f8cbd2add1","innerBlock":"title","marginBottom":"30"} -->
<div id="wd-dfb0feae" class="wp-block-wd-divider wd-style-line wd-added-title"><div class="wd-divider-inner"><!-- wp:wd/title {"blockId":"7e441934-d14e-48dd-811d-f2df17df9fa0","textAlign":"center","content":"INSTAGRAM CAROUSEL"} -->
<h2 id="wd-7e441934" class="wp-block-wd-title title wd-align">INSTAGRAM CAROUSEL</h2>
<!-- /wp:wd/title --></div></div>
<!-- /wp:wd/divider -->

<!-- wp:wd/instagram {"blockId":"5f0a55e8-82bb-4af7-a67f-31b2184c2138","images":[{"id":35396,"url":"https://dummy.xtemos.com/woodmart2/gutenberg/wp-content/uploads/sites/24/2024/11/wd-inst-slider-12.jpg","width":640,"height":640},{"id":35397,"url":"https://dummy.xtemos.com/woodmart2/gutenberg/wp-content/uploads/sites/24/2024/11/wd-inst-slider-8.jpg","width":640,"height":640},{"id":35398,"url":"https://dummy.xtemos.com/woodmart2/gutenberg/wp-content/uploads/sites/24/2024/11/wd-inst-slider-5.jpg","width":640,"height":640},{"id":35399,"url":"https://dummy.xtemos.com/woodmart2/gutenberg/wp-content/uploads/sites/24/2024/11/wd-inst-slider-1.jpg","width":640,"height":640},{"id":35400,"url":"https://dummy.xtemos.com/woodmart2/gutenberg/wp-content/uploads/sites/24/2024/11/wd-inst-slider-3.jpg","width":640,"height":640},{"id":35401,"url":"https://dummy.xtemos.com/woodmart2/gutenberg/wp-content/uploads/sites/24/2024/11/wd-inst-slider-2.jpg","width":640,"height":640},{"id":35402,"url":"https://dummy.xtemos.com/woodmart2/gutenberg/wp-content/uploads/sites/24/2024/11/wd-inst-slider-7.jpg","width":640,"height":640},{"id":35403,"url":"https://dummy.xtemos.com/woodmart2/gutenberg/wp-content/uploads/sites/24/2024/11/wd-inst-slider-6.jpg","width":640,"height":640},{"id":35404,"url":"https://dummy.xtemos.com/woodmart2/gutenberg/wp-content/uploads/sites/24/2024/11/wd-inst-slider-9.jpg","width":640,"height":640},{"id":35405,"url":"https://dummy.xtemos.com/woodmart2/gutenberg/wp-content/uploads/sites/24/2024/11/wd-inst-slider-11.jpg","width":480,"height":480},{"id":35406,"url":"https://dummy.xtemos.com/woodmart2/gutenberg/wp-content/uploads/sites/24/2024/11/wd-inst-slider-10.jpg","width":640,"height":640},{"id":35407,"url":"https://dummy.xtemos.com/woodmart2/gutenberg/wp-content/uploads/sites/24/2024/11/wd-inst-slider-4.jpg","width":640,"height":640}],"images_link":"https://www.instagram.com/nature/","custom_rounding_size":"","design":"slider","per_row":6,"spacing_custom":"6","slides_per_view":"5","sync_parent_id":"wd_9f038133","custom_rounding_sizeUnits":"%"} /-->]]></content:encoded>
															<wp:post_id>36145</wp:post_id>
					<wp:post_date><![CDATA[2024-12-05 12:52:33]]></wp:post_date>
					<wp:post_date_gmt><![CDATA[2024-12-05 12:52:33]]></wp:post_date_gmt>
					<wp:post_modified><![CDATA[2024-12-05 13:13:30]]></wp:post_modified>
					<wp:post_modified_gmt><![CDATA[2024-12-05 13:13:30]]></wp:post_modified_gmt>
					<wp:comment_status><![CDATA[closed]]></wp:comment_status>
					<wp:post_name><![CDATA[carousels]]></wp:post_name>
					<wp:status><![CDATA[publish]]></wp:status>
					<wp:post_parent>0</wp:post_parent>
					<wp:menu_order>0</wp:menu_order>
					<wp:post_type><![CDATA[page]]></wp:post_type>
																					<wp:postmeta>
							<wp:meta_key><![CDATA[_woodmart_whb_header]]></wp:meta_key>
							<wp:meta_value><![CDATA[none]]></wp:meta_value>
						</wp:postmeta>
												<wp:postmeta>
							<wp:meta_key><![CDATA[_woodmart_page-title-size]]></wp:meta_key>
							<wp:meta_value><![CDATA[inherit]]></wp:meta_value>
						</wp:postmeta>
												<wp:postmeta>
							<wp:meta_key><![CDATA[_woodmart_title_image]]></wp:meta_key>
							<wp:meta_value><![CDATA[a:2:{s:3:"url";s:0:"";s:2:"id";s:0:"";}]]></wp:meta_value>
						</wp:postmeta>
												<wp:postmeta>
							<wp:meta_key><![CDATA[_woodmart_main_layout]]></wp:meta_key>
							<wp:meta_value><![CDATA[full-width]]></wp:meta_value>
						</wp:postmeta>
										</item>
								<item>
					<title><![CDATA[wd-inst-slider-5]]></title>
					<link>https://dummy.xtemos.com/woodmart2/gutenberg/instagram/wd-inst-slider-5/</link>
					<pubDate>Thu, 28 Nov 2024 15:39:15 +0000</pubDate>
					<dc:creator><![CDATA[zakhar]]></dc:creator>
					<guid isPermaLink="false">https://dummy.xtemos.com/woodmart2/gutenberg/wp-content/uploads/sites/24/2024/11/wd-inst-slider-5.jpg</guid>
															<wp:post_id>35398</wp:post_id>
					<wp:post_date><![CDATA[2024-11-28 15:39:15]]></wp:post_date>
					<wp:post_date_gmt><![CDATA[2024-11-28 15:39:15]]></wp:post_date_gmt>
					<wp:post_modified><![CDATA[2024-11-28 15:39:15]]></wp:post_modified>
					<wp:post_modified_gmt><![CDATA[2024-11-28 15:39:15]]></wp:post_modified_gmt>
					<wp:comment_status><![CDATA[open]]></wp:comment_status>
					<wp:post_name><![CDATA[wd-inst-slider-5]]></wp:post_name>
					<wp:status><![CDATA[inherit]]></wp:status>
					<wp:post_parent>35349</wp:post_parent>
					<wp:menu_order>0</wp:menu_order>
					<wp:post_type><![CDATA[attachment]]></wp:post_type>
											<wp:attachment_url><![CDATA[https://dummy.xtemos.com/woodmart2/gutenberg/wp-content/uploads/sites/24/2024/11/wd-inst-slider-5.jpg]]></wp:attachment_url>
																					<wp:postmeta>
							<wp:meta_key><![CDATA[_wp_attached_file]]></wp:meta_key>
							<wp:meta_value><![CDATA[2024/11/wd-inst-slider-5.jpg]]></wp:meta_value>
						</wp:postmeta>
										</item>
								<item>
					<title><![CDATA[wd-inst-slider-1]]></title>
					<link>https://dummy.xtemos.com/woodmart2/gutenberg/instagram/wd-inst-slider-1/</link>
					<pubDate>Thu, 28 Nov 2024 15:39:16 +0000</pubDate>
					<dc:creator><![CDATA[zakhar]]></dc:creator>
					<guid isPermaLink="false">https://dummy.xtemos.com/woodmart2/gutenberg/wp-content/uploads/sites/24/2024/11/wd-inst-slider-1.jpg</guid>
															<wp:post_id>35399</wp:post_id>
					<wp:post_date><![CDATA[2024-11-28 15:39:16]]></wp:post_date>
					<wp:post_date_gmt><![CDATA[2024-11-28 15:39:16]]></wp:post_date_gmt>
					<wp:post_modified><![CDATA[2024-11-28 15:39:16]]></wp:post_modified>
					<wp:post_modified_gmt><![CDATA[2024-11-28 15:39:16]]></wp:post_modified_gmt>
					<wp:comment_status><![CDATA[open]]></wp:comment_status>
					<wp:post_name><![CDATA[wd-inst-slider-1]]></wp:post_name>
					<wp:status><![CDATA[inherit]]></wp:status>
					<wp:post_parent>35349</wp:post_parent>
					<wp:menu_order>0</wp:menu_order>
					<wp:post_type><![CDATA[attachment]]></wp:post_type>
											<wp:attachment_url><![CDATA[https://dummy.xtemos.com/woodmart2/gutenberg/wp-content/uploads/sites/24/2024/11/wd-inst-slider-1.jpg]]></wp:attachment_url>
																					<wp:postmeta>
							<wp:meta_key><![CDATA[_wp_attached_file]]></wp:meta_key>
							<wp:meta_value><![CDATA[2024/11/wd-inst-slider-1.jpg]]></wp:meta_value>
						</wp:postmeta>
										</item>
								<item>
					<title><![CDATA[wd-inst-slider-3]]></title>
					<link>https://dummy.xtemos.com/woodmart2/gutenberg/instagram/wd-inst-slider-3/</link>
					<pubDate>Thu, 28 Nov 2024 15:39:17 +0000</pubDate>
					<dc:creator><![CDATA[zakhar]]></dc:creator>
					<guid isPermaLink="false">https://dummy.xtemos.com/woodmart2/gutenberg/wp-content/uploads/sites/24/2024/11/wd-inst-slider-3.jpg</guid>
															<wp:post_id>35400</wp:post_id>
					<wp:post_date><![CDATA[2024-11-28 15:39:17]]></wp:post_date>
					<wp:post_date_gmt><![CDATA[2024-11-28 15:39:17]]></wp:post_date_gmt>
					<wp:post_modified><![CDATA[2024-11-28 15:39:17]]></wp:post_modified>
					<wp:post_modified_gmt><![CDATA[2024-11-28 15:39:17]]></wp:post_modified_gmt>
					<wp:comment_status><![CDATA[open]]></wp:comment_status>
					<wp:post_name><![CDATA[wd-inst-slider-3]]></wp:post_name>
					<wp:status><![CDATA[inherit]]></wp:status>
					<wp:post_parent>35349</wp:post_parent>
					<wp:menu_order>0</wp:menu_order>
					<wp:post_type><![CDATA[attachment]]></wp:post_type>
											<wp:attachment_url><![CDATA[https://dummy.xtemos.com/woodmart2/gutenberg/wp-content/uploads/sites/24/2024/11/wd-inst-slider-3.jpg]]></wp:attachment_url>
																					<wp:postmeta>
							<wp:meta_key><![CDATA[_wp_attached_file]]></wp:meta_key>
							<wp:meta_value><![CDATA[2024/11/wd-inst-slider-3.jpg]]></wp:meta_value>
						</wp:postmeta>
										</item>
								<item>
					<title><![CDATA[wd-inst-slider-2]]></title>
					<link>https://dummy.xtemos.com/woodmart2/gutenberg/instagram/wd-inst-slider-2/</link>
					<pubDate>Thu, 28 Nov 2024 15:39:17 +0000</pubDate>
					<dc:creator><![CDATA[zakhar]]></dc:creator>
					<guid isPermaLink="false">https://dummy.xtemos.com/woodmart2/gutenberg/wp-content/uploads/sites/24/2024/11/wd-inst-slider-2.jpg</guid>
															<wp:post_id>35401</wp:post_id>
					<wp:post_date><![CDATA[2024-11-28 15:39:17]]></wp:post_date>
					<wp:post_date_gmt><![CDATA[2024-11-28 15:39:17]]></wp:post_date_gmt>
					<wp:post_modified><![CDATA[2024-11-28 15:39:17]]></wp:post_modified>
					<wp:post_modified_gmt><![CDATA[2024-11-28 15:39:17]]></wp:post_modified_gmt>
					<wp:comment_status><![CDATA[open]]></wp:comment_status>
					<wp:post_name><![CDATA[wd-inst-slider-2]]></wp:post_name>
					<wp:status><![CDATA[inherit]]></wp:status>
					<wp:post_parent>35349</wp:post_parent>
					<wp:menu_order>0</wp:menu_order>
					<wp:post_type><![CDATA[attachment]]></wp:post_type>
											<wp:attachment_url><![CDATA[https://dummy.xtemos.com/woodmart2/gutenberg/wp-content/uploads/sites/24/2024/11/wd-inst-slider-2.jpg]]></wp:attachment_url>
																					<wp:postmeta>
							<wp:meta_key><![CDATA[_wp_attached_file]]></wp:meta_key>
							<wp:meta_value><![CDATA[2024/11/wd-inst-slider-2.jpg]]></wp:meta_value>
						</wp:postmeta>
										</item>
								<item>
					<title><![CDATA[wd-inst-slider-7]]></title>
					<link>https://dummy.xtemos.com/woodmart2/gutenberg/instagram/wd-inst-slider-7/</link>
					<pubDate>Thu, 28 Nov 2024 15:39:18 +0000</pubDate>
					<dc:creator><![CDATA[zakhar]]></dc:creator>
					<guid isPermaLink="false">https://dummy.xtemos.com/woodmart2/gutenberg/wp-content/uploads/sites/24/2024/11/wd-inst-slider-7.jpg</guid>
															<wp:post_id>35402</wp:post_id>
					<wp:post_date><![CDATA[2024-11-28 15:39:18]]></wp:post_date>
					<wp:post_date_gmt><![CDATA[2024-11-28 15:39:18]]></wp:post_date_gmt>
					<wp:post_modified><![CDATA[2024-11-28 15:39:18]]></wp:post_modified>
					<wp:post_modified_gmt><![CDATA[2024-11-28 15:39:18]]></wp:post_modified_gmt>
					<wp:comment_status><![CDATA[open]]></wp:comment_status>
					<wp:post_name><![CDATA[wd-inst-slider-7]]></wp:post_name>
					<wp:status><![CDATA[inherit]]></wp:status>
					<wp:post_parent>35349</wp:post_parent>
					<wp:menu_order>0</wp:menu_order>
					<wp:post_type><![CDATA[attachment]]></wp:post_type>
											<wp:attachment_url><![CDATA[https://dummy.xtemos.com/woodmart2/gutenberg/wp-content/uploads/sites/24/2024/11/wd-inst-slider-7.jpg]]></wp:attachment_url>
																					<wp:postmeta>
							<wp:meta_key><![CDATA[_wp_attached_file]]></wp:meta_key>
							<wp:meta_value><![CDATA[2024/11/wd-inst-slider-7.jpg]]></wp:meta_value>
						</wp:postmeta>
										</item>
								<item>
					<title><![CDATA[wd-inst-slider-6]]></title>
					<link>https://dummy.xtemos.com/woodmart2/gutenberg/instagram/wd-inst-slider-6/</link>
					<pubDate>Thu, 28 Nov 2024 15:39:19 +0000</pubDate>
					<dc:creator><![CDATA[zakhar]]></dc:creator>
					<guid isPermaLink="false">https://dummy.xtemos.com/woodmart2/gutenberg/wp-content/uploads/sites/24/2024/11/wd-inst-slider-6.jpg</guid>
															<wp:post_id>35403</wp:post_id>
					<wp:post_date><![CDATA[2024-11-28 15:39:19]]></wp:post_date>
					<wp:post_date_gmt><![CDATA[2024-11-28 15:39:19]]></wp:post_date_gmt>
					<wp:post_modified><![CDATA[2024-11-28 15:39:19]]></wp:post_modified>
					<wp:post_modified_gmt><![CDATA[2024-11-28 15:39:19]]></wp:post_modified_gmt>
					<wp:comment_status><![CDATA[open]]></wp:comment_status>
					<wp:post_name><![CDATA[wd-inst-slider-6]]></wp:post_name>
					<wp:status><![CDATA[inherit]]></wp:status>
					<wp:post_parent>35349</wp:post_parent>
					<wp:menu_order>0</wp:menu_order>
					<wp:post_type><![CDATA[attachment]]></wp:post_type>
											<wp:attachment_url><![CDATA[https://dummy.xtemos.com/woodmart2/gutenberg/wp-content/uploads/sites/24/2024/11/wd-inst-slider-6.jpg]]></wp:attachment_url>
																					<wp:postmeta>
							<wp:meta_key><![CDATA[_wp_attached_file]]></wp:meta_key>
							<wp:meta_value><![CDATA[2024/11/wd-inst-slider-6.jpg]]></wp:meta_value>
						</wp:postmeta>
										</item>
								<item>
					<title><![CDATA[wd-inst-slider-9]]></title>
					<link>https://dummy.xtemos.com/woodmart2/gutenberg/instagram/wd-inst-slider-9/</link>
					<pubDate>Thu, 28 Nov 2024 15:39:20 +0000</pubDate>
					<dc:creator><![CDATA[zakhar]]></dc:creator>
					<guid isPermaLink="false">https://dummy.xtemos.com/woodmart2/gutenberg/wp-content/uploads/sites/24/2024/11/wd-inst-slider-9.jpg</guid>
															<wp:post_id>35404</wp:post_id>
					<wp:post_date><![CDATA[2024-11-28 15:39:20]]></wp:post_date>
					<wp:post_date_gmt><![CDATA[2024-11-28 15:39:20]]></wp:post_date_gmt>
					<wp:post_modified><![CDATA[2024-11-28 15:39:20]]></wp:post_modified>
					<wp:post_modified_gmt><![CDATA[2024-11-28 15:39:20]]></wp:post_modified_gmt>
					<wp:comment_status><![CDATA[open]]></wp:comment_status>
					<wp:post_name><![CDATA[wd-inst-slider-9]]></wp:post_name>
					<wp:status><![CDATA[inherit]]></wp:status>
					<wp:post_parent>35349</wp:post_parent>
					<wp:menu_order>0</wp:menu_order>
					<wp:post_type><![CDATA[attachment]]></wp:post_type>
											<wp:attachment_url><![CDATA[https://dummy.xtemos.com/woodmart2/gutenberg/wp-content/uploads/sites/24/2024/11/wd-inst-slider-9.jpg]]></wp:attachment_url>
																					<wp:postmeta>
							<wp:meta_key><![CDATA[_wp_attached_file]]></wp:meta_key>
							<wp:meta_value><![CDATA[2024/11/wd-inst-slider-9.jpg]]></wp:meta_value>
						</wp:postmeta>
										</item>
								<item>
					<title><![CDATA[wd-inst-slider-11]]></title>
					<link>https://dummy.xtemos.com/woodmart2/gutenberg/instagram/wd-inst-slider-11/</link>
					<pubDate>Thu, 28 Nov 2024 15:39:21 +0000</pubDate>
					<dc:creator><![CDATA[zakhar]]></dc:creator>
					<guid isPermaLink="false">https://dummy.xtemos.com/woodmart2/gutenberg/wp-content/uploads/sites/24/2024/11/wd-inst-slider-11.jpg</guid>
															<wp:post_id>35405</wp:post_id>
					<wp:post_date><![CDATA[2024-11-28 15:39:21]]></wp:post_date>
					<wp:post_date_gmt><![CDATA[2024-11-28 15:39:21]]></wp:post_date_gmt>
					<wp:post_modified><![CDATA[2024-11-28 15:39:21]]></wp:post_modified>
					<wp:post_modified_gmt><![CDATA[2024-11-28 15:39:21]]></wp:post_modified_gmt>
					<wp:comment_status><![CDATA[open]]></wp:comment_status>
					<wp:post_name><![CDATA[wd-inst-slider-11]]></wp:post_name>
					<wp:status><![CDATA[inherit]]></wp:status>
					<wp:post_parent>35349</wp:post_parent>
					<wp:menu_order>0</wp:menu_order>
					<wp:post_type><![CDATA[attachment]]></wp:post_type>
											<wp:attachment_url><![CDATA[https://dummy.xtemos.com/woodmart2/gutenberg/wp-content/uploads/sites/24/2024/11/wd-inst-slider-11.jpg]]></wp:attachment_url>
																					<wp:postmeta>
							<wp:meta_key><![CDATA[_wp_attached_file]]></wp:meta_key>
							<wp:meta_value><![CDATA[2024/11/wd-inst-slider-11.jpg]]></wp:meta_value>
						</wp:postmeta>
										</item>
								<item>
					<title><![CDATA[wd-inst-slider-10]]></title>
					<link>https://dummy.xtemos.com/woodmart2/gutenberg/instagram/wd-inst-slider-10/</link>
					<pubDate>Thu, 28 Nov 2024 15:39:22 +0000</pubDate>
					<dc:creator><![CDATA[zakhar]]></dc:creator>
					<guid isPermaLink="false">https://dummy.xtemos.com/woodmart2/gutenberg/wp-content/uploads/sites/24/2024/11/wd-inst-slider-10.jpg</guid>
															<wp:post_id>35406</wp:post_id>
					<wp:post_date><![CDATA[2024-11-28 15:39:22]]></wp:post_date>
					<wp:post_date_gmt><![CDATA[2024-11-28 15:39:22]]></wp:post_date_gmt>
					<wp:post_modified><![CDATA[2024-11-28 15:39:22]]></wp:post_modified>
					<wp:post_modified_gmt><![CDATA[2024-11-28 15:39:22]]></wp:post_modified_gmt>
					<wp:comment_status><![CDATA[open]]></wp:comment_status>
					<wp:post_name><![CDATA[wd-inst-slider-10]]></wp:post_name>
					<wp:status><![CDATA[inherit]]></wp:status>
					<wp:post_parent>35349</wp:post_parent>
					<wp:menu_order>0</wp:menu_order>
					<wp:post_type><![CDATA[attachment]]></wp:post_type>
											<wp:attachment_url><![CDATA[https://dummy.xtemos.com/woodmart2/gutenberg/wp-content/uploads/sites/24/2024/11/wd-inst-slider-10.jpg]]></wp:attachment_url>
																					<wp:postmeta>
							<wp:meta_key><![CDATA[_wp_attached_file]]></wp:meta_key>
							<wp:meta_value><![CDATA[2024/11/wd-inst-slider-10.jpg]]></wp:meta_value>
						</wp:postmeta>
										</item>
								<item>
					<title><![CDATA[wd-inst-slider-4]]></title>
					<link>https://dummy.xtemos.com/woodmart2/gutenberg/instagram/wd-inst-slider-4/</link>
					<pubDate>Thu, 28 Nov 2024 15:39:23 +0000</pubDate>
					<dc:creator><![CDATA[zakhar]]></dc:creator>
					<guid isPermaLink="false">https://dummy.xtemos.com/woodmart2/gutenberg/wp-content/uploads/sites/24/2024/11/wd-inst-slider-4.jpg</guid>
															<wp:post_id>35407</wp:post_id>
					<wp:post_date><![CDATA[2024-11-28 15:39:23]]></wp:post_date>
					<wp:post_date_gmt><![CDATA[2024-11-28 15:39:23]]></wp:post_date_gmt>
					<wp:post_modified><![CDATA[2024-11-28 15:39:23]]></wp:post_modified>
					<wp:post_modified_gmt><![CDATA[2024-11-28 15:39:23]]></wp:post_modified_gmt>
					<wp:comment_status><![CDATA[open]]></wp:comment_status>
					<wp:post_name><![CDATA[wd-inst-slider-4]]></wp:post_name>
					<wp:status><![CDATA[inherit]]></wp:status>
					<wp:post_parent>35349</wp:post_parent>
					<wp:menu_order>0</wp:menu_order>
					<wp:post_type><![CDATA[attachment]]></wp:post_type>
											<wp:attachment_url><![CDATA[https://dummy.xtemos.com/woodmart2/gutenberg/wp-content/uploads/sites/24/2024/11/wd-inst-slider-4.jpg]]></wp:attachment_url>
																					<wp:postmeta>
							<wp:meta_key><![CDATA[_wp_attached_file]]></wp:meta_key>
							<wp:meta_value><![CDATA[2024/11/wd-inst-slider-4.jpg]]></wp:meta_value>
						</wp:postmeta>
										</item>
				</channel>
</rss>
	