<?xml version="1.0" encoding="UTF-8" ?>
	<!-- This is a WordPress eXtended RSS file generated by WordPress as an export of your site. -->
	<!-- It contains information about your site's posts, pages, comments, categories, and other content. -->
	<!-- You may use this file to transfer that content from one site to another. -->
	<!-- This file is not intended to serve as a complete backup of your site. -->

	<!-- To import this information into a WordPress site follow these steps: -->
	<!-- 1. Log in to that site as an administrator. -->
	<!-- 2. Go to Tools: Import in the WordPress admin panel. -->
	<!-- 3. Install the "WordPress" importer from the list. -->
	<!-- 4. Activate & Run Importer. -->
	<!-- 5. Upload this file using the form provided on that page. -->
	<!-- 6. You will first be asked to map the authors in this export file to users -->
	<!--    on the site. For each author, you may choose to map to an -->
	<!--    existing user on the site or to create a new user. -->
	<!-- 7. WordPress will then import each of the posts, pages, comments, categories, etc. -->
	<!--    contained in this file into your site. -->

	<!-- generator="WordPress/6.5.5" created="2024-10-25 08:19" -->
<rss version="2.0"
	xmlns:excerpt="http://wordpress.org/export/1.2/excerpt/"
	xmlns:content="http://purl.org/rss/1.0/modules/content/"
	xmlns:wfw="http://wellformedweb.org/CommentAPI/"
	xmlns:dc="http://purl.org/dc/elements/1.1/"
	xmlns:wp="http://wordpress.org/export/1.2/"
>

<channel>
	<title>Gutenberg base</title>
	<link>https://dummy.xtemos.com/woodmart2/gutenberg</link>
	<description></description>
	<pubDate>Fri, 25 Oct 2024 08:19:51 +0000</pubDate>
	<language>en-US</language>
	<wp:wxr_version>1.2</wp:wxr_version>
	<wp:base_site_url>https://dummy.xtemos.com/woodmart2/</wp:base_site_url>
	<wp:base_blog_url>https://dummy.xtemos.com/woodmart2/gutenberg</wp:base_blog_url>

		<wp:author><wp:author_id>2</wp:author_id><wp:author_login><![CDATA[Mr. Mackay]]></wp:author_login><wp:author_email><![CDATA[zak@asda.as]]></wp:author_email><wp:author_display_name><![CDATA[Mr. Mackay]]></wp:author_display_name><wp:author_first_name><![CDATA[sds]]></wp:author_first_name><wp:author_last_name><![CDATA[scssc]]></wp:author_last_name></wp:author>
	<wp:author><wp:author_id>491</wp:author_id><wp:author_login><![CDATA[Ethan Smith]]></wp:author_login><wp:author_email><![CDATA[ethan_smith@asda.as]]></wp:author_email><wp:author_display_name><![CDATA[Ethan Smith]]></wp:author_display_name><wp:author_first_name><![CDATA[Ethan]]></wp:author_first_name><wp:author_last_name><![CDATA[Smith]]></wp:author_last_name></wp:author>

					<wp:term>
			<wp:term_id>0</wp:term_id>
			<wp:term_taxonomy><![CDATA[]]></wp:term_taxonomy>
			<wp:term_slug><![CDATA[]]></wp:term_slug>
			<wp:term_parent><![CDATA[]]></wp:term_parent>
					</wp:term>
		
	<generator>https://wordpress.org/?v=6.5.5</generator>

					<item>
					<title><![CDATA[Contact form alternative]]></title>
					<link>https://dummy.xtemos.com/woodmart2/gutenberg/?post_type=wpcf7_contact_form&#038;p=1938</link>
					<pubDate>Tue, 03 Aug 2021 08:46:14 +0000</pubDate>
					<dc:creator><![CDATA[Mr. Mackay]]></dc:creator>
					<guid isPermaLink="false">http://dummy.xtemos.com/woodmart2/?post_type=wpcf7_contact_form&#038;p=1938</guid>
											<content:encoded><![CDATA[<div class="wd-grid-g">
<div class="wd-grid-f-stretch">
<div class="wd-col"><label>Your Name</label>[text* your-name]</div>
<div class="wd-col"><label>Your Email</label>[email* your-email]</div>
</div>
<div class="wd-grid-f-stretch">
<div class="wd-col"><label>Phone Number</label>[tel tel-767]</div>
<div class="wd-col"><label>Company</label>[text text-1]</div>
</div>
<div><label>Your Message</label>[textarea your-message]</div>
<div>[submit class:btn-color-black "ASK A QUESTION"]</div>
</div>
1
[_site_title] "[your-subject]"
[_site_title] 
[_site_admin_email]
From: [your-name] 
Subject: [your-subject]

Message Body:
[your-message]

-- 
This e-mail was sent from a contact form on [_site_title] ([_site_url])
Reply-To: [your-email]




[_site_title] "[your-subject]"
[_site_title] 
[your-email]
Message Body:
[your-message]

-- 
This e-mail was sent from a contact form on [_site_title] ([_site_url])
Reply-To: [_site_admin_email]



Thank you for your message. It has been sent.
There was an error trying to send your message. Please try again later.
One or more fields have an error. Please check and try again.
There was an error trying to send your message. Please try again later.
You must accept the terms and conditions before sending your message.
The field is required.
The field is too long.
The field is too short.
There was an unknown error uploading the file.
You are not allowed to upload files of this type.
The file is too big.
There was an error uploading the file.
The date format is incorrect.
The date is before the earliest one allowed.
The date is after the latest one allowed.
The number format is invalid.
The number is smaller than the minimum allowed.
The number is larger than the maximum allowed.
The answer to the quiz is incorrect.
The e-mail address entered is invalid.
The URL is invalid.
The telephone number is invalid.]]></content:encoded>
															<wp:post_id>1938</wp:post_id>
					<wp:post_date><![CDATA[2021-08-03 08:46:14]]></wp:post_date>
					<wp:post_date_gmt><![CDATA[2021-08-03 08:46:14]]></wp:post_date_gmt>
					<wp:post_modified><![CDATA[2024-10-16 12:05:44]]></wp:post_modified>
					<wp:post_modified_gmt><![CDATA[2024-10-16 12:05:44]]></wp:post_modified_gmt>
					<wp:comment_status><![CDATA[closed]]></wp:comment_status>
					<wp:post_name><![CDATA[contact-form-alternative]]></wp:post_name>
					<wp:status><![CDATA[publish]]></wp:status>
					<wp:post_parent>0</wp:post_parent>
					<wp:menu_order>0</wp:menu_order>
					<wp:post_type><![CDATA[wpcf7_contact_form]]></wp:post_type>
																					<wp:postmeta>
							<wp:meta_key><![CDATA[_form]]></wp:meta_key>
							<wp:meta_value><![CDATA[<div class="wd-grid-g">
<div class="wd-grid-f-stretch">
<div class="wd-col"><label>Your Name</label>[text* your-name]</div>
<div class="wd-col"><label>Your Email</label>[email* your-email]</div>
</div>
<div class="wd-grid-f-stretch">
<div class="wd-col"><label>Phone Number</label>[tel tel-767]</div>
<div class="wd-col"><label>Company</label>[text text-1]</div>
</div>
<div><label>Your Message</label>[textarea your-message]</div>
<div>[submit class:btn-color-black "ASK A QUESTION"]</div>
</div>]]></wp:meta_value>
						</wp:postmeta>
												<wp:postmeta>
							<wp:meta_key><![CDATA[_mail]]></wp:meta_key>
							<wp:meta_value><![CDATA[a:9:{s:6:"active";b:1;s:7:"subject";s:30:"[_site_title] "[your-subject]"";s:6:"sender";s:42:"[_site_title]  ";s:9:"recipient";s:19:"[_site_admin_email]";s:4:"body";s:149:"From: [your-name] 
Subject: [your-subject]

Message Body:
[your-message]

-- 
This e-mail was sent from a contact form on [_site_title] ([_site_url])";s:18:"additional_headers";s:22:"Reply-To: [your-email]";s:11:"attachments";s:0:"";s:8:"use_html";b:0;s:13:"exclude_blank";b:0;}]]></wp:meta_value>
						</wp:postmeta>
												<wp:postmeta>
							<wp:meta_key><![CDATA[_mail_2]]></wp:meta_key>
							<wp:meta_value><![CDATA[a:9:{s:6:"active";b:0;s:7:"subject";s:30:"[_site_title] "[your-subject]"";s:6:"sender";s:42:"[_site_title]  ";s:9:"recipient";s:12:"[your-email]";s:4:"body";s:105:"Message Body:
[your-message]

-- 
This e-mail was sent from a contact form on [_site_title] ([_site_url])";s:18:"additional_headers";s:29:"Reply-To: [_site_admin_email]";s:11:"attachments";s:0:"";s:8:"use_html";b:0;s:13:"exclude_blank";b:0;}]]></wp:meta_value>
						</wp:postmeta>
												<wp:postmeta>
							<wp:meta_key><![CDATA[_messages]]></wp:meta_key>
							<wp:meta_value><![CDATA[a:22:{s:12:"mail_sent_ok";s:45:"Thank you for your message. It has been sent.";s:12:"mail_sent_ng";s:71:"There was an error trying to send your message. Please try again later.";s:16:"validation_error";s:61:"One or more fields have an error. Please check and try again.";s:4:"spam";s:71:"There was an error trying to send your message. Please try again later.";s:12:"accept_terms";s:69:"You must accept the terms and conditions before sending your message.";s:16:"invalid_required";s:22:"The field is required.";s:16:"invalid_too_long";s:22:"The field is too long.";s:17:"invalid_too_short";s:23:"The field is too short.";s:13:"upload_failed";s:46:"There was an unknown error uploading the file.";s:24:"upload_file_type_invalid";s:49:"You are not allowed to upload files of this type.";s:21:"upload_file_too_large";s:20:"The file is too big.";s:23:"upload_failed_php_error";s:38:"There was an error uploading the file.";s:12:"invalid_date";s:29:"The date format is incorrect.";s:14:"date_too_early";s:44:"The date is before the earliest one allowed.";s:13:"date_too_late";s:41:"The date is after the latest one allowed.";s:14:"invalid_number";s:29:"The number format is invalid.";s:16:"number_too_small";s:47:"The number is smaller than the minimum allowed.";s:16:"number_too_large";s:46:"The number is larger than the maximum allowed.";s:23:"quiz_answer_not_correct";s:36:"The answer to the quiz is incorrect.";s:13:"invalid_email";s:38:"The e-mail address entered is invalid.";s:11:"invalid_url";s:19:"The URL is invalid.";s:11:"invalid_tel";s:32:"The telephone number is invalid.";}]]></wp:meta_value>
						</wp:postmeta>
												<wp:postmeta>
							<wp:meta_key><![CDATA[_locale]]></wp:meta_key>
							<wp:meta_value><![CDATA[en_US]]></wp:meta_value>
						</wp:postmeta>
												<wp:postmeta>
							<wp:meta_key><![CDATA[_hash]]></wp:meta_key>
							<wp:meta_value><![CDATA[8dd52baf65c8af52891ad34fd994b6c0e48493ef]]></wp:meta_value>
						</wp:postmeta>
										</item>
								<item>
					<title><![CDATA[wd-mobile-light]]></title>
					<link>https://dummy.xtemos.com/woodmart2/gutenberg/home-shoes/wd-mobile-light/</link>
					<pubDate>Wed, 15 May 2024 10:01:32 +0000</pubDate>
					<dc:creator><![CDATA[Mr. Mackay]]></dc:creator>
					<guid isPermaLink="false">http://dummy.xtemos.com/woodmart2/gutenberg/wp-content/uploads/sites/24/2024/05/wd-mobile-light.svg</guid>
															<wp:post_id>11506</wp:post_id>
					<wp:post_date><![CDATA[2024-05-15 10:01:32]]></wp:post_date>
					<wp:post_date_gmt><![CDATA[2024-05-15 10:01:32]]></wp:post_date_gmt>
					<wp:post_modified><![CDATA[2024-05-15 10:01:32]]></wp:post_modified>
					<wp:post_modified_gmt><![CDATA[2024-05-15 10:01:32]]></wp:post_modified_gmt>
					<wp:comment_status><![CDATA[open]]></wp:comment_status>
					<wp:post_name><![CDATA[wd-mobile-light]]></wp:post_name>
					<wp:status><![CDATA[inherit]]></wp:status>
					<wp:post_parent>11268</wp:post_parent>
					<wp:menu_order>0</wp:menu_order>
					<wp:post_type><![CDATA[attachment]]></wp:post_type>
											<wp:attachment_url><![CDATA[https://dummy.xtemos.com/woodmart2/gutenberg/wp-content/uploads/sites/24/2024/05/wd-mobile-light.svg]]></wp:attachment_url>
																					<wp:postmeta>
							<wp:meta_key><![CDATA[_wp_attached_file]]></wp:meta_key>
							<wp:meta_value><![CDATA[2024/05/wd-mobile-light.svg]]></wp:meta_value>
						</wp:postmeta>
										</item>
								<item>
					<title><![CDATA[wd-paper-plane-light]]></title>
					<link>https://dummy.xtemos.com/woodmart2/gutenberg/home-shoes/wd-paper-plane-light/</link>
					<pubDate>Wed, 15 May 2024 10:01:33 +0000</pubDate>
					<dc:creator><![CDATA[Mr. Mackay]]></dc:creator>
					<guid isPermaLink="false">http://dummy.xtemos.com/woodmart2/gutenberg/wp-content/uploads/sites/24/2024/05/wd-paper-plane-light.svg</guid>
															<wp:post_id>11507</wp:post_id>
					<wp:post_date><![CDATA[2024-05-15 10:01:33]]></wp:post_date>
					<wp:post_date_gmt><![CDATA[2024-05-15 10:01:33]]></wp:post_date_gmt>
					<wp:post_modified><![CDATA[2024-05-15 10:01:33]]></wp:post_modified>
					<wp:post_modified_gmt><![CDATA[2024-05-15 10:01:33]]></wp:post_modified_gmt>
					<wp:comment_status><![CDATA[open]]></wp:comment_status>
					<wp:post_name><![CDATA[wd-paper-plane-light]]></wp:post_name>
					<wp:status><![CDATA[inherit]]></wp:status>
					<wp:post_parent>11268</wp:post_parent>
					<wp:menu_order>0</wp:menu_order>
					<wp:post_type><![CDATA[attachment]]></wp:post_type>
											<wp:attachment_url><![CDATA[https://dummy.xtemos.com/woodmart2/gutenberg/wp-content/uploads/sites/24/2024/05/wd-paper-plane-light.svg]]></wp:attachment_url>
																					<wp:postmeta>
							<wp:meta_key><![CDATA[_wp_attached_file]]></wp:meta_key>
							<wp:meta_value><![CDATA[2024/05/wd-paper-plane-light.svg]]></wp:meta_value>
						</wp:postmeta>
										</item>
								<item>
					<title><![CDATA[wd-pointer-light]]></title>
					<link>https://dummy.xtemos.com/woodmart2/gutenberg/home-shoes/wd-pointer-light/</link>
					<pubDate>Wed, 15 May 2024 10:01:34 +0000</pubDate>
					<dc:creator><![CDATA[Mr. Mackay]]></dc:creator>
					<guid isPermaLink="false">http://dummy.xtemos.com/woodmart2/gutenberg/wp-content/uploads/sites/24/2024/05/wd-pointer-light.svg</guid>
															<wp:post_id>11508</wp:post_id>
					<wp:post_date><![CDATA[2024-05-15 10:01:34]]></wp:post_date>
					<wp:post_date_gmt><![CDATA[2024-05-15 10:01:34]]></wp:post_date_gmt>
					<wp:post_modified><![CDATA[2024-05-15 10:01:34]]></wp:post_modified>
					<wp:post_modified_gmt><![CDATA[2024-05-15 10:01:34]]></wp:post_modified_gmt>
					<wp:comment_status><![CDATA[open]]></wp:comment_status>
					<wp:post_name><![CDATA[wd-pointer-light]]></wp:post_name>
					<wp:status><![CDATA[inherit]]></wp:status>
					<wp:post_parent>11268</wp:post_parent>
					<wp:menu_order>0</wp:menu_order>
					<wp:post_type><![CDATA[attachment]]></wp:post_type>
											<wp:attachment_url><![CDATA[https://dummy.xtemos.com/woodmart2/gutenberg/wp-content/uploads/sites/24/2024/05/wd-pointer-light.svg]]></wp:attachment_url>
																					<wp:postmeta>
							<wp:meta_key><![CDATA[_wp_attached_file]]></wp:meta_key>
							<wp:meta_value><![CDATA[2024/05/wd-pointer-light.svg]]></wp:meta_value>
						</wp:postmeta>
										</item>
								<item>
					<title><![CDATA[Contact us 2]]></title>
					<link>https://dummy.xtemos.com/woodmart2/gutenberg/contact-us-2/</link>
					<pubDate>Thu, 01 Aug 2024 11:46:15 +0000</pubDate>
					<dc:creator><![CDATA[Ethan Smith]]></dc:creator>
					<guid isPermaLink="false">https://dummy.xtemos.com/woodmart2/gutenberg/?page_id=27180</guid>
											<content:encoded><![CDATA[<!-- wp:wd/container {"blockId":"4ca909ac-155d-48e2-a45d-ecda8d1e609f","rowGap":"10","marginTop":"40","marginBottom":"80","marginTopMobile":"0","marginBottomTablet":"40"} -->
<div id="wd-4ca909ac" class="wp-block-wd-container wd-dir-col"><!-- wp:wd/title {"blockId":"64d9e26a-22dc-4fe8-835e-e818af1d6b49","textAlign":"center","content":"Contact Us","tpFontSize":"46","tpFontSizeTablet":"32"} -->
<h2 id="wd-64d9e26a" class="wp-block-wd-title title wd-align">Contact Us</h2>
<!-- /wp:wd/title -->

<!-- wp:wd/paragraph {"blockId":"16a8c35c-bc8a-4232-9345-1cfe571d4490","textAlign":"center","marginBottom":"50","alignSelf":"center","displayWidth":"custom","customWidth":"452","marginBottomTablet":"30"} -->
<p id="wd-16a8c35c" class="wp-block-wd-paragraph wd-align wd-custom-width wd-align-s-center">We will answer any questions you may have about our online sales, rights or partnership service right here.</p>
<!-- /wp:wd/paragraph -->

<!-- wp:wd/row {"blockId":"7322d69d-a6fe-4703-a69c-f419ed30883e","paddingUnits":"%","alignSelf":"center","displayWidth":"custom","customWidth":"1000","columnsGapTablet":20} -->
<div id="wd-7322d69d" class="wp-block-wd-row wd-custom-width wd-align-s-center"><!-- wp:wd/column {"blockId":"3fb8f3d4-551b-4820-b091-783e140ac116","adjacentCount":4,"blocksGap":10,"adjacentCountTablet":2,"colWidthTablet":50} -->
<div id="wd-3fb8f3d4" class="wp-block-wd-column"><!-- wp:wd/title {"blockId":"21272b30-1bc1-441c-83f5-a7e559b839c9","content":"ADDRESS","tpFontSize":"14"} -->
<h2 id="wd-21272b30" class="wp-block-wd-title title">ADDRESS</h2>
<!-- /wp:wd/title -->

<!-- wp:wd/divider {"blockId":"593b9979-a33c-4b7c-8420-92c70dbc8332"} -->
<div id="wd-593b9979" class="wp-block-wd-divider wd-style-line"></div>
<!-- /wp:wd/divider -->

<!-- wp:wd/paragraph {"blockId":"980d31d1-8530-4431-84e3-e8596514f57b"} -->
<p id="wd-980d31d1" class="wp-block-wd-paragraph">New York St. East Brunswick 08816</p>
<!-- /wp:wd/paragraph --></div>
<!-- /wp:wd/column -->

<!-- wp:wd/column {"blockId":"ef26547e-e549-44fd-b472-b5c94623c7de","adjacentCount":4,"blocksGap":10,"adjacentCountTablet":2,"colWidthTablet":50} -->
<div id="wd-ef26547e" class="wp-block-wd-column"><!-- wp:wd/title {"blockId":"3eca9ace-864b-40dc-81e5-db6dbcf555ef","content":"PHONE","tpFontSize":"14"} -->
<h2 id="wd-3eca9ace" class="wp-block-wd-title title">PHONE</h2>
<!-- /wp:wd/title -->

<!-- wp:wd/divider {"blockId":"4c78bb24-f7a5-4938-84b1-cbffaf51a330"} -->
<div id="wd-4c78bb24" class="wp-block-wd-divider wd-style-line"></div>
<!-- /wp:wd/divider -->

<!-- wp:wd/paragraph {"blockId":"09b865c3-ea4c-47c8-aa98-57fd5f9cb0a6"} -->
<p id="wd-09b865c3" class="wp-block-wd-paragraph">+1 248-785-8545</p>
<!-- /wp:wd/paragraph --></div>
<!-- /wp:wd/column -->

<!-- wp:wd/column {"blockId":"4aaf4269-cf78-4725-bda0-dbf1cac521e0","adjacentCount":4,"blocksGap":10,"adjacentCountTablet":2,"colWidthTablet":50} -->
<div id="wd-4aaf4269" class="wp-block-wd-column"><!-- wp:wd/title {"blockId":"ca891829-7d95-4bac-adeb-8ca82cad5677","content":"EMAIL","tpFontSize":"14"} -->
<h2 id="wd-ca891829" class="wp-block-wd-title title">EMAIL</h2>
<!-- /wp:wd/title -->

<!-- wp:wd/divider {"blockId":"bb3680ca-91b4-49f6-9667-934e88f9cc09"} -->
<div id="wd-bb3680ca" class="wp-block-wd-divider wd-style-line"></div>
<!-- /wp:wd/divider -->

<!-- wp:wd/paragraph {"blockId":"bfeb4839-9f8c-464f-8ca2-123837f89552"} -->
<p id="wd-bfeb4839" class="wp-block-wd-paragraph">google@mail.com</p>
<!-- /wp:wd/paragraph --></div>
<!-- /wp:wd/column -->

<!-- wp:wd/column {"blockId":"2353d940-99c5-4248-aaef-99288c5e5f54","adjacentCount":4,"blocksGap":10,"adjacentCountTablet":2,"colWidthTablet":50} -->
<div id="wd-2353d940" class="wp-block-wd-column"><!-- wp:wd/title {"blockId":"1afa3f7d-c887-4928-ae4c-e1c395861adb","content":"WEBSITE","tpFontSize":"14"} -->
<h2 id="wd-1afa3f7d" class="wp-block-wd-title title">WEBSITE</h2>
<!-- /wp:wd/title -->

<!-- wp:wd/divider {"blockId":"2e7d13ad-02b6-47d5-884a-1668060ee26f"} -->
<div id="wd-2e7d13ad" class="wp-block-wd-divider wd-style-line"></div>
<!-- /wp:wd/divider -->

<!-- wp:wd/paragraph {"blockId":"59584fd8-baf3-47ed-a4cb-6e5391c05444"} -->
<p id="wd-59584fd8" class="wp-block-wd-paragraph">xtemos.com</p>
<!-- /wp:wd/paragraph --></div>
<!-- /wp:wd/column --></div>
<!-- /wp:wd/row --></div>
<!-- /wp:wd/container -->

<!-- wp:wd/section {"blockId":"c6525a60-964f-4088-b3cd-42b63fc322e7","paddingRight":"0","paddingLeft":"0","marginBottom":"80","marginBottomTablet":"40"} -->
<div id="wd-c6525a60" class="wp-block-wd-section"><!-- wp:wd/google-map {"blockId":"be0d3652-c20e-4918-a3c9-e510eed57f02","locations":[{"title":"","lat":"48.87146","lon":"2.35500","description":"","image":{"id":28226,"url":"https://dummy.xtemos.com/woodmart2/gutenberg/wp-content/uploads/sites/24/2024/08/marker-icon.png"},"imageSize":"full","imageData":{"url":"https://dummy.xtemos.com/woodmart2/gutenberg/wp-content/uploads/sites/24/2024/08/marker-icon.png","width":25,"height":41}}]} -->
<div id="wd-be0d3652" class="wp-block-wd-google-map wd-map-container google-map-container" data-map-args="{&quot;multiple_markers&quot;:&quot;yes&quot;,&quot;zoom&quot;:15,&quot;init_type&quot;:&quot;page_load&quot;,&quot;init_offset&quot;:100,&quot;selector&quot;:&quot;wd-map-id-be0d3652-c20e-4918-a3c9-e510eed57f02&quot;,&quot;markers&quot;:[{&quot;marker_lat&quot;:&quot;48.87146&quot;,&quot;marker_lon&quot;:&quot;2.35500&quot;,&quot;marker_icon&quot;:&quot;https://dummy.xtemos.com/woodmart2/gutenberg/wp-content/uploads/sites/24/2024/08/marker-icon.png&quot;,&quot;marker_icon_size&quot;:[25,41],&quot;marker_title&quot;:&quot;&quot;,&quot;marker_description&quot;:&quot;&quot;}]}"><div class="wd-google-map-wrapper wd-map-wrapper wd-fill"><div id="wd-map-id-be0d3652-c20e-4918-a3c9-e510eed57f02" class="wd-google-map wd-fill"></div></div></div>
<!-- /wp:wd/google-map --></div>
<!-- /wp:wd/section -->

<!-- wp:wd/container {"blockId":"03b0f3f0-96f5-411b-bdde-ea871e9b55ba","textAlign":"center","rowGap":"10","marginBottom":"40","marginBottomTablet":"20","marginBottomMobile":"0"} -->
<div id="wd-03b0f3f0" class="wp-block-wd-container wd-dir-col wd-align"><!-- wp:wd/title {"blockId":"8545372d-eb6a-41d0-8029-4c11937ec689","content":"Get answers to all your questions you might have.","tpFontSize":"36","displayWidth":"custom","customWidth":"540","tpFontSizeTablet":"22","tpFontSizeMobile":"20"} -->
<h2 id="wd-8545372d" class="wp-block-wd-title title wd-custom-width">Get answers to all your questions you might have.</h2>
<!-- /wp:wd/title -->

<!-- wp:wd/paragraph {"blockId":"3f998ad2-cd4d-4cfb-8a96-f9b576be94ba","markColorCode":"#212121","displayWidth":"custom","customWidth":"540"} -->
<p id="wd-3f998ad2" class="wp-block-wd-paragraph wd-custom-width">We will answer any questions you may have about our online sales right here.</p>
<!-- /wp:wd/paragraph -->

<!-- wp:wd/paragraph {"blockId":"15f157cd-a161-43dc-a3ea-c8372493ff8e","markColorCode":"#212121","displayWidth":"custom","customWidth":"540"} -->
<p id="wd-15f157cd" class="wp-block-wd-paragraph wd-custom-width">Monday to Friday from <strong><span class="wd-highlight">09:00 to 21:00 UTC +2</span></strong></p>
<!-- /wp:wd/paragraph -->

<!-- wp:wd/popup {"blockId":"fb83f93b-c396-4d80-ac33-906d766645b6","marginTop":"10","marginBottom":"10"} -->
<div id="wd-fb83f93b" class="wp-block-wd-popup"><!-- wp:wd/button {"blockId":"09e4a0c6-e5ca-42b0-8ac4-092e6d9f3844","predefinedColor":"primary","size":"large"} -->
<a id="wd-09e4a0c6" class="wp-block-wd-button btn btn-style-default btn-color-primary btn-size-large btn-shape-rectangle" href="#"><span>contact our company</span></a>
<!-- /wp:wd/button -->

<!-- wp:wd/popup-content {"blockId":"183ac5c7-a1ff-460a-9f37-ba8b1bcd3c7d","width":"900","paddingTop":"0","paddingRight":"0","paddingBottom":"0","paddingLeft":"0","paddingLock":true} -->
<div id="wd-183ac5c7" class="wp-block-wd-popup-content wd-popup wd-popup-element mfp-hide"><div class="wd-popup-inner"><!-- wp:wd/row {"blockId":"5dd6df80-fbb5-4d76-8387-7a4cb04cc25e","columnsGap":0,"columnsGapMobile":0} -->
<div id="wd-5dd6df80" class="wp-block-wd-row"><!-- wp:wd/column {"blockId":"85ef227a-81ec-4d75-bc60-96c1af0f5786","adjacentCount":2,"colWidth":67,"blocksGap":30,"paddingTop":"30","paddingRight":"30","paddingBottom":"30","paddingLeft":"30","paddingLock":true} -->
<div id="wd-85ef227a" class="wp-block-wd-column"><!-- wp:wd/title {"blockId":"2d97e8f8-e7d3-46f6-9f21-37bd87a26f19","content":"SEND US A MESSAGE","tpFontSize":"18","tpFontSizeMobile":"20"} -->
<h2 id="wd-2d97e8f8" class="wp-block-wd-title title">SEND US A MESSAGE</h2>
<!-- /wp:wd/title -->

<!-- wp:wd/contact-form-7 {"blockId":"dc5babca-5cb4-49f9-9fe6-fd384e000495","form_id":"1938"} /--></div>
<!-- /wp:wd/column -->

<!-- wp:wd/column {"blockId":"59fe1ff8-eb9a-4a4c-9a84-610a97634f32","adjacentCount":2,"colWidth":33,"blocksGap":30,"colorScheme":"light","bgColorCode":"#333333","paddingTop":"30","paddingRight":"30","paddingBottom":"30","paddingLeft":"30","paddingLock":true} -->
<div id="wd-59fe1ff8" class="wp-block-wd-column color-scheme-light"><!-- wp:wd/title {"blockId":"3ffc0058-d8ef-49de-8349-76d95fcb27f6","content":"CONTACT INFORMATION","tpFontSize":"18","marginBottom":"10","tpFontSizeMobile":"20"} -->
<h2 id="wd-3ffc0058" class="wp-block-wd-title title">CONTACT INFORMATION</h2>
<!-- /wp:wd/title -->

<!-- wp:wd/infobox {"blockId":"9f4b0ce2-ad85-4bd8-93e9-6bd83225cb5e","iconPositionHorizontal":"start","marginBottom":"10"} -->
<div id="wd-9f4b0ce2" class="wp-block-wd-infobox wd-hover-parent wd-icon-start"><!-- wp:wd/icon {"blockId":"0005316b-41d9-4ff9-908c-cfcb5ceecd22","image":{"id":11508,"url":"https://dummy.xtemos.com/woodmart2/gutenberg/wp-content/uploads/sites/24/2024/05/wd-pointer-light.svg"},"width":"30","height":"30"} -->
<div id="wd-0005316b" class="wp-block-wd-icon"><img class="wp-image-11508" src="https://dummy.xtemos.com/woodmart2/gutenberg/wp-content/uploads/sites/24/2024/05/wd-pointer-light.svg" /></div>
<!-- /wp:wd/icon -->

<!-- wp:wd/container {"blockId":"5c729d56-36a0-486f-b41f-530b477cb0ab","rowGap":"","metadata":{"name":"Infobox content"}} -->
<div id="wd-5c729d56" class="wp-block-wd-container wd-dir-col"><!-- wp:wd/paragraph {"blockId":"b9309848-8324-425b-8ced-60287a78a51e"} -->
<p id="wd-b9309848" class="wp-block-wd-paragraph">50 East 52nd Street<br>Brooklyn, NY 10022<br>United States</p>
<!-- /wp:wd/paragraph --></div>
<!-- /wp:wd/container --></div>
<!-- /wp:wd/infobox -->

<!-- wp:wd/infobox {"blockId":"7950a2dd-76fa-49d8-9bf0-7bb96f92fd8d","iconPositionHorizontal":"start","marginBottom":"10"} -->
<div id="wd-7950a2dd" class="wp-block-wd-infobox wd-hover-parent wd-icon-start"><!-- wp:wd/icon {"blockId":"e3187bc8-7bab-4346-a871-ef051caf2f0b","image":{"id":11506,"url":"https://dummy.xtemos.com/woodmart2/gutenberg/wp-content/uploads/sites/24/2024/05/wd-mobile-light.svg"},"width":"30","height":"30"} -->
<div id="wd-e3187bc8" class="wp-block-wd-icon"><img class="wp-image-11506" src="https://dummy.xtemos.com/woodmart2/gutenberg/wp-content/uploads/sites/24/2024/05/wd-mobile-light.svg" /></div>
<!-- /wp:wd/icon -->

<!-- wp:wd/container {"blockId":"772a9e6b-e89d-4be0-b738-d0c58e9695ba","rowGap":"","metadata":{"name":"Infobox content"}} -->
<div id="wd-772a9e6b" class="wp-block-wd-container wd-dir-col"><!-- wp:wd/paragraph {"blockId":"aa918205-d689-4f69-813e-a316aee32f97"} -->
<p id="wd-aa918205" class="wp-block-wd-paragraph">+1322224332<br>+154623278</p>
<!-- /wp:wd/paragraph --></div>
<!-- /wp:wd/container --></div>
<!-- /wp:wd/infobox -->

<!-- wp:wd/infobox {"blockId":"b549d62f-cac7-470a-b087-c1a1543d4bd9","iconPositionHorizontal":"start","marginBottom":"10"} -->
<div id="wd-b549d62f" class="wp-block-wd-infobox wd-hover-parent wd-icon-start"><!-- wp:wd/icon {"blockId":"d444826c-9aeb-4103-947a-e373da04895b","image":{"id":11507,"url":"https://dummy.xtemos.com/woodmart2/gutenberg/wp-content/uploads/sites/24/2024/05/wd-paper-plane-light.svg"},"width":"30","height":"30"} -->
<div id="wd-d444826c" class="wp-block-wd-icon"><img class="wp-image-11507" src="https://dummy.xtemos.com/woodmart2/gutenberg/wp-content/uploads/sites/24/2024/05/wd-paper-plane-light.svg" /></div>
<!-- /wp:wd/icon -->

<!-- wp:wd/container {"blockId":"2290b57b-e8b4-4bc8-8dee-d15115bd8c4c","rowGap":"","metadata":{"name":"Infobox content"}} -->
<div id="wd-2290b57b" class="wp-block-wd-container wd-dir-col"><!-- wp:wd/paragraph {"blockId":"1ebee10a-420c-453c-926e-25ebc7b298b7"} -->
<p id="wd-1ebee10a" class="wp-block-wd-paragraph">info@google.com<br>support@google.com</p>
<!-- /wp:wd/paragraph --></div>
<!-- /wp:wd/container --></div>
<!-- /wp:wd/infobox -->

<!-- wp:wd/divider {"blockId":"3897da20-3261-40ea-b7ac-ec5bbc2a30b6","marginBottom":"10"} -->
<div id="wd-3897da20" class="wp-block-wd-divider wd-style-line"></div>
<!-- /wp:wd/divider -->

<!-- wp:wd/paragraph {"blockId":"3bfd80bc-7dd5-4ede-9abd-243913dd26c0"} -->
<p id="wd-3bfd80bc" class="wp-block-wd-paragraph">Do you have questions about how we can help your company? Send us an email and we’ll get in touch shortly.</p>
<!-- /wp:wd/paragraph -->

<!-- wp:wd/social-buttons {"blockId":"03a0c39d-b331-4f50-a45d-c0af3cbab125","style":"colored","size":"small"} /--></div>
<!-- /wp:wd/column --></div>
<!-- /wp:wd/row --></div></div>
<!-- /wp:wd/popup-content --></div>
<!-- /wp:wd/popup -->

<!-- wp:wd/social-buttons {"blockId":"3869da23-3f9e-492e-9591-3259c65e4328","style":"bordered","size":"small","marginBottom":"20"} /--></div>
<!-- /wp:wd/container -->]]></content:encoded>
															<wp:post_id>27180</wp:post_id>
					<wp:post_date><![CDATA[2024-08-01 11:46:15]]></wp:post_date>
					<wp:post_date_gmt><![CDATA[2024-08-01 11:46:15]]></wp:post_date_gmt>
					<wp:post_modified><![CDATA[2024-10-15 07:08:49]]></wp:post_modified>
					<wp:post_modified_gmt><![CDATA[2024-10-15 07:08:49]]></wp:post_modified_gmt>
					<wp:comment_status><![CDATA[closed]]></wp:comment_status>
					<wp:post_name><![CDATA[contact-us-2]]></wp:post_name>
					<wp:status><![CDATA[publish]]></wp:status>
					<wp:post_parent>0</wp:post_parent>
					<wp:menu_order>0</wp:menu_order>
					<wp:post_type><![CDATA[page]]></wp:post_type>
																					<wp:postmeta>
							<wp:meta_key><![CDATA[_woodmart_whb_header]]></wp:meta_key>
							<wp:meta_value><![CDATA[none]]></wp:meta_value>
						</wp:postmeta>
												<wp:postmeta>
							<wp:meta_key><![CDATA[_woodmart_title_off]]></wp:meta_key>
							<wp:meta_value><![CDATA[on]]></wp:meta_value>
						</wp:postmeta>
												<wp:postmeta>
							<wp:meta_key><![CDATA[_woodmart_page-title-size]]></wp:meta_key>
							<wp:meta_value><![CDATA[inherit]]></wp:meta_value>
						</wp:postmeta>
												<wp:postmeta>
							<wp:meta_key><![CDATA[_woodmart_title_image]]></wp:meta_key>
							<wp:meta_value><![CDATA[a:2:{s:3:"url";s:0:"";s:2:"id";s:0:"";}]]></wp:meta_value>
						</wp:postmeta>
												<wp:postmeta>
							<wp:meta_key><![CDATA[_woodmart_main_layout]]></wp:meta_key>
							<wp:meta_value><![CDATA[full-width]]></wp:meta_value>
						</wp:postmeta>
										</item>
								<item>
					<title><![CDATA[marker-icon]]></title>
					<link>https://dummy.xtemos.com/woodmart2/gutenberg/marker-icon/</link>
					<pubDate>Thu, 15 Aug 2024 12:48:26 +0000</pubDate>
					<dc:creator><![CDATA[Ethan Smith]]></dc:creator>
					<guid isPermaLink="false">https://dummy.xtemos.com/woodmart2/gutenberg/wp-content/uploads/sites/24/2024/08/marker-icon.png</guid>
															<wp:post_id>28226</wp:post_id>
					<wp:post_date><![CDATA[2024-08-15 12:48:26]]></wp:post_date>
					<wp:post_date_gmt><![CDATA[2024-08-15 12:48:26]]></wp:post_date_gmt>
					<wp:post_modified><![CDATA[2024-08-15 12:48:26]]></wp:post_modified>
					<wp:post_modified_gmt><![CDATA[2024-08-15 12:48:26]]></wp:post_modified_gmt>
					<wp:comment_status><![CDATA[open]]></wp:comment_status>
					<wp:post_name><![CDATA[marker-icon]]></wp:post_name>
					<wp:status><![CDATA[inherit]]></wp:status>
					<wp:post_parent>0</wp:post_parent>
					<wp:menu_order>0</wp:menu_order>
					<wp:post_type><![CDATA[attachment]]></wp:post_type>
											<wp:attachment_url><![CDATA[https://dummy.xtemos.com/woodmart2/gutenberg/wp-content/uploads/sites/24/2024/08/marker-icon.png]]></wp:attachment_url>
																					<wp:postmeta>
							<wp:meta_key><![CDATA[_wp_attached_file]]></wp:meta_key>
							<wp:meta_value><![CDATA[2024/08/marker-icon.png]]></wp:meta_value>
						</wp:postmeta>
										</item>
				</channel>
</rss>
	