<?xml version="1.0" encoding="UTF-8" ?>
	<!-- This is a WordPress eXtended RSS file generated by WordPress as an export of your site. -->
	<!-- It contains information about your site's posts, pages, comments, categories, and other content. -->
	<!-- You may use this file to transfer that content from one site to another. -->
	<!-- This file is not intended to serve as a complete backup of your site. -->

	<!-- To import this information into a WordPress site follow these steps: -->
	<!-- 1. Log in to that site as an administrator. -->
	<!-- 2. Go to Tools: Import in the WordPress admin panel. -->
	<!-- 3. Install the "WordPress" importer from the list. -->
	<!-- 4. Activate & Run Importer. -->
	<!-- 5. Upload this file using the form provided on that page. -->
	<!-- 6. You will first be asked to map the authors in this export file to users -->
	<!--    on the site. For each author, you may choose to map to an -->
	<!--    existing user on the site or to create a new user. -->
	<!-- 7. WordPress will then import each of the posts, pages, comments, categories, etc. -->
	<!--    contained in this file into your site. -->

	<!-- generator="WordPress/6.5.5" created="2024-10-25 07:31" -->
<rss version="2.0"
	xmlns:excerpt="http://wordpress.org/export/1.2/excerpt/"
	xmlns:content="http://purl.org/rss/1.0/modules/content/"
	xmlns:wfw="http://wellformedweb.org/CommentAPI/"
	xmlns:dc="http://purl.org/dc/elements/1.1/"
	xmlns:wp="http://wordpress.org/export/1.2/"
>

<channel>
	<title>Gutenberg base</title>
	<link>https://dummy.xtemos.com/woodmart2/gutenberg</link>
	<description></description>
	<pubDate>Fri, 25 Oct 2024 07:31:59 +0000</pubDate>
	<language>en-US</language>
	<wp:wxr_version>1.2</wp:wxr_version>
	<wp:base_site_url>https://dummy.xtemos.com/woodmart2/</wp:base_site_url>
	<wp:base_blog_url>https://dummy.xtemos.com/woodmart2/gutenberg</wp:base_blog_url>

		<wp:author><wp:author_id>491</wp:author_id><wp:author_login><![CDATA[Ethan Smith]]></wp:author_login><wp:author_email><![CDATA[ethan_smith@asda.as]]></wp:author_email><wp:author_display_name><![CDATA[Ethan Smith]]></wp:author_display_name><wp:author_first_name><![CDATA[Ethan]]></wp:author_first_name><wp:author_last_name><![CDATA[Smith]]></wp:author_last_name></wp:author>

					<wp:term>
			<wp:term_id>0</wp:term_id>
			<wp:term_taxonomy><![CDATA[]]></wp:term_taxonomy>
			<wp:term_slug><![CDATA[]]></wp:term_slug>
			<wp:term_parent><![CDATA[]]></wp:term_parent>
					</wp:term>
		
	<generator>https://wordpress.org/?v=6.5.5</generator>

					<item>
					<title><![CDATA[xmas-separator]]></title>
					<link>https://dummy.xtemos.com/woodmart2/gutenberg/xmas-separator/</link>
					<pubDate>Tue, 18 Jun 2024 12:13:43 +0000</pubDate>
					<dc:creator><![CDATA[Ethan Smith]]></dc:creator>
					<guid isPermaLink="false">http://dummy.xtemos.com/woodmart2/gutenberg/wp-content/uploads/sites/24/2024/06/xmas-separator.svg</guid>
															<wp:post_id>17154</wp:post_id>
					<wp:post_date><![CDATA[2024-06-18 12:13:43]]></wp:post_date>
					<wp:post_date_gmt><![CDATA[2024-06-18 12:13:43]]></wp:post_date_gmt>
					<wp:post_modified><![CDATA[2024-06-18 12:13:43]]></wp:post_modified>
					<wp:post_modified_gmt><![CDATA[2024-06-18 12:13:43]]></wp:post_modified_gmt>
					<wp:comment_status><![CDATA[open]]></wp:comment_status>
					<wp:post_name><![CDATA[xmas-separator]]></wp:post_name>
					<wp:status><![CDATA[inherit]]></wp:status>
					<wp:post_parent>0</wp:post_parent>
					<wp:menu_order>0</wp:menu_order>
					<wp:post_type><![CDATA[attachment]]></wp:post_type>
											<wp:attachment_url><![CDATA[https://dummy.xtemos.com/woodmart2/gutenberg/wp-content/uploads/sites/24/2024/06/xmas-separator.svg]]></wp:attachment_url>
																					<wp:postmeta>
							<wp:meta_key><![CDATA[_wp_attached_file]]></wp:meta_key>
							<wp:meta_value><![CDATA[2024/06/xmas-separator.svg]]></wp:meta_value>
						</wp:postmeta>
										</item>
								<item>
					<title><![CDATA[Christmas maintenance]]></title>
					<link>https://dummy.xtemos.com/woodmart2/gutenberg/christmas-maintenance/</link>
					<pubDate>Tue, 06 Aug 2024 09:32:58 +0000</pubDate>
					<dc:creator><![CDATA[Ethan Smith]]></dc:creator>
					<guid isPermaLink="false">https://dummy.xtemos.com/woodmart2/gutenberg/?page_id=27926</guid>
											<content:encoded><![CDATA[<!-- wp:wd/section {"blockId":"5019da19-d89e-43d7-adf4-d430a51b11e4","bgImage":{"id":27929,"url":"https://dummy.xtemos.com/woodmart2/gutenberg/wp-content/uploads/sites/24/2024/08/christmas-maintenance-bg.jpg"},"bgPosition":"center center","bgDisplaySize":"cover","minHeightUnits":"vh"} -->
<div id="wd-5019da19" class="wp-block-wd-section"><!-- wp:wd/row {"blockId":"29014e5a-adeb-47d6-97ea-f23d87bd15fb","paddingTop":"30","paddingBottom":"30","minHeight":"100","minHeightUnits":"vh"} -->
<div id="wd-29014e5a" class="wp-block-wd-row"><!-- wp:wd/column {"blockId":"4e56853e-bf29-44e4-ba53-f88184b190b0","adjacentCount":2,"blocksGap":15,"justifyContent":"center","colorScheme":"light","textAlign":"center"} -->
<div id="wd-4e56853e" class="wp-block-wd-column color-scheme-light wd-align"><!-- wp:wd/icon {"blockId":"99cf4899-156b-4ef5-8cd7-0fc0fe1e12a8","image":{"id":17154,"url":"http://dummy.xtemos.com/woodmart2/gutenberg/wp-content/uploads/sites/24/2024/06/xmas-separator.svg"},"width":"250"} -->
<div id="wd-99cf4899" class="wp-block-wd-icon"><img class="wp-image-17154" src="http://dummy.xtemos.com/woodmart2/gutenberg/wp-content/uploads/sites/24/2024/06/xmas-separator.svg" /></div>
<!-- /wp:wd/icon -->

<!-- wp:wd/title {"blockId":"5221cc00-dc60-46f1-9f53-fd02f82ecdeb","content":"COMING SOON​","tpFontSize":"68","tpLineHeight":"1","tpFontVariant":"400","tpFontWeight":"400","animationDelay":"150","tpFontSizeTablet":"62","tpFontSizeMobile":"36","tpLineHeightUnits":"em"} -->
<h2 id="wd-5221cc00" class="wp-block-wd-title title">COMING SOON​</h2>
<!-- /wp:wd/title -->

<!-- wp:wd/divider {"blockId":"99e21776-82e1-4cc3-8fcb-6076c03f31d3","style":"custom-image","image":{"id":29707,"url":"https://dummy.xtemos.com/woodmart2/gutenberg/wp-content/uploads/sites/24/2024/08/xmas-dots.svg"},"textAlign":"center","weight":10,"height":10,"width":"535","marginTop":"15","marginBottom":"10","animationDelay":"","widthTablet":"400","widthMobile":"295","marginTopMobile":"10"} -->
<div id="wd-99e21776" class="wp-block-wd-divider wd-style-line wd-align wd-type-image"></div>
<!-- /wp:wd/divider -->

<!-- wp:wd/paragraph {"blockId":"a94286ec-08ef-4d1b-9e2e-00a256e3229c","animationDelay":"150","hideOnTablet":true,"displayWidth":"custom","customWidth":"459"} -->
<p id="wd-a94286ec" class="wp-block-wd-paragraph wd-hide-md-sm wd-custom-width">There are many variations of passages of Lorem Ipsum available, but the majority have suffered alteration in some form.</p>
<!-- /wp:wd/paragraph -->

<!-- wp:wd/countdown-timer {"blockId":"fc61bba7-86cc-440a-87ef-864904965064","date":"2025-01-01T13:00:00","size":"large","bgTimerColorVariable":"\u002d\u002dwd-primary-color"} -->
<div id="wd-fc61bba7" class="wp-block-wd-countdown-timer wd-countdown-timer"><div class="wd-timer wd-size-large" data-end-date="2025-01-01T13:00:00" data-hide-on-finish="no"><span class="wd-timer-days"><span class="wd-timer-value">0</span><span class="wd-timer-text">days</span></span><span class="wd-timer-hours"><span class="wd-timer-value">00</span><span class="wd-timer-text">hr</span></span><span class="wd-timer-min"><span class="wd-timer-value">00</span><span class="wd-timer-text">min</span></span><span class="wd-timer-sec"><span class="wd-timer-value">00</span><span class="wd-timer-text">sc</span></span></div></div>
<!-- /wp:wd/countdown-timer -->

<!-- wp:wd/social-buttons {"blockId":"337d0705-c6ef-4e4e-89fb-aec6f17e2130","alignment":"center","style":"colored"} /--></div>
<!-- /wp:wd/column -->

<!-- wp:wd/column {"blockId":"8952cffa-4feb-42f9-81f8-dee704e2fccf","adjacentCount":2,"hideOnMobile":true} -->
<div id="wd-8952cffa" class="wp-block-wd-column wd-hide-sm"></div>
<!-- /wp:wd/column --></div>
<!-- /wp:wd/row --></div>
<!-- /wp:wd/section -->]]></content:encoded>
															<wp:post_id>27926</wp:post_id>
					<wp:post_date><![CDATA[2024-08-06 09:32:58]]></wp:post_date>
					<wp:post_date_gmt><![CDATA[2024-08-06 09:32:58]]></wp:post_date_gmt>
					<wp:post_modified><![CDATA[2024-10-23 11:12:55]]></wp:post_modified>
					<wp:post_modified_gmt><![CDATA[2024-10-23 11:12:55]]></wp:post_modified_gmt>
					<wp:comment_status><![CDATA[closed]]></wp:comment_status>
					<wp:post_name><![CDATA[christmas-maintenance]]></wp:post_name>
					<wp:status><![CDATA[publish]]></wp:status>
					<wp:post_parent>0</wp:post_parent>
					<wp:menu_order>0</wp:menu_order>
					<wp:post_type><![CDATA[page]]></wp:post_type>
																					<wp:postmeta>
							<wp:meta_key><![CDATA[_woodmart_whb_header]]></wp:meta_key>
							<wp:meta_value><![CDATA[none]]></wp:meta_value>
						</wp:postmeta>
												<wp:postmeta>
							<wp:meta_key><![CDATA[_woodmart_title_off]]></wp:meta_key>
							<wp:meta_value><![CDATA[on]]></wp:meta_value>
						</wp:postmeta>
												<wp:postmeta>
							<wp:meta_key><![CDATA[_woodmart_page-title-size]]></wp:meta_key>
							<wp:meta_value><![CDATA[inherit]]></wp:meta_value>
						</wp:postmeta>
												<wp:postmeta>
							<wp:meta_key><![CDATA[_woodmart_title_image]]></wp:meta_key>
							<wp:meta_value><![CDATA[a:2:{s:3:"url";s:0:"";s:2:"id";s:0:"";}]]></wp:meta_value>
						</wp:postmeta>
												<wp:postmeta>
							<wp:meta_key><![CDATA[_woodmart_main_layout]]></wp:meta_key>
							<wp:meta_value><![CDATA[full-width]]></wp:meta_value>
						</wp:postmeta>
												<wp:postmeta>
							<wp:meta_key><![CDATA[_woodmart_footer_off]]></wp:meta_key>
							<wp:meta_value><![CDATA[on]]></wp:meta_value>
						</wp:postmeta>
												<wp:postmeta>
							<wp:meta_key><![CDATA[_wp_page_template]]></wp:meta_key>
							<wp:meta_value><![CDATA[maintenance.php]]></wp:meta_value>
						</wp:postmeta>
										</item>
								<item>
					<title><![CDATA[christmas-maintenance-bg]]></title>
					<link>https://dummy.xtemos.com/woodmart2/gutenberg/christmas-maintenance/christmas-maintenance-bg/</link>
					<pubDate>Tue, 06 Aug 2024 09:38:58 +0000</pubDate>
					<dc:creator><![CDATA[Ethan Smith]]></dc:creator>
					<guid isPermaLink="false">https://dummy.xtemos.com/woodmart2/gutenberg/wp-content/uploads/sites/24/2024/08/christmas-maintenance-bg.jpg</guid>
															<wp:post_id>27929</wp:post_id>
					<wp:post_date><![CDATA[2024-08-06 09:38:58]]></wp:post_date>
					<wp:post_date_gmt><![CDATA[2024-08-06 09:38:58]]></wp:post_date_gmt>
					<wp:post_modified><![CDATA[2024-08-06 09:38:58]]></wp:post_modified>
					<wp:post_modified_gmt><![CDATA[2024-08-06 09:38:58]]></wp:post_modified_gmt>
					<wp:comment_status><![CDATA[open]]></wp:comment_status>
					<wp:post_name><![CDATA[christmas-maintenance-bg]]></wp:post_name>
					<wp:status><![CDATA[inherit]]></wp:status>
					<wp:post_parent>27926</wp:post_parent>
					<wp:menu_order>0</wp:menu_order>
					<wp:post_type><![CDATA[attachment]]></wp:post_type>
											<wp:attachment_url><![CDATA[https://dummy.xtemos.com/woodmart2/gutenberg/wp-content/uploads/sites/24/2024/08/christmas-maintenance-bg.jpg]]></wp:attachment_url>
																					<wp:postmeta>
							<wp:meta_key><![CDATA[_wp_attached_file]]></wp:meta_key>
							<wp:meta_value><![CDATA[2024/08/christmas-maintenance-bg.jpg]]></wp:meta_value>
						</wp:postmeta>
										</item>
								<item>
					<title><![CDATA[xmas-dots]]></title>
					<link>https://dummy.xtemos.com/woodmart2/gutenberg/home-christmas/xmas-dots/</link>
					<pubDate>Fri, 30 Aug 2024 07:21:50 +0000</pubDate>
					<dc:creator><![CDATA[Ethan Smith]]></dc:creator>
					<guid isPermaLink="false">https://dummy.xtemos.com/woodmart2/gutenberg/wp-content/uploads/sites/24/2024/08/xmas-dots.svg</guid>
															<wp:post_id>29707</wp:post_id>
					<wp:post_date><![CDATA[2024-08-30 07:21:50]]></wp:post_date>
					<wp:post_date_gmt><![CDATA[2024-08-30 07:21:50]]></wp:post_date_gmt>
					<wp:post_modified><![CDATA[2024-08-30 07:21:50]]></wp:post_modified>
					<wp:post_modified_gmt><![CDATA[2024-08-30 07:21:50]]></wp:post_modified_gmt>
					<wp:comment_status><![CDATA[open]]></wp:comment_status>
					<wp:post_name><![CDATA[xmas-dots]]></wp:post_name>
					<wp:status><![CDATA[inherit]]></wp:status>
					<wp:post_parent>17112</wp:post_parent>
					<wp:menu_order>0</wp:menu_order>
					<wp:post_type><![CDATA[attachment]]></wp:post_type>
											<wp:attachment_url><![CDATA[https://dummy.xtemos.com/woodmart2/gutenberg/wp-content/uploads/sites/24/2024/08/xmas-dots.svg]]></wp:attachment_url>
																					<wp:postmeta>
							<wp:meta_key><![CDATA[_wp_attached_file]]></wp:meta_key>
							<wp:meta_value><![CDATA[2024/08/xmas-dots.svg]]></wp:meta_value>
						</wp:postmeta>
										</item>
				</channel>
</rss>
	