{
    "default_header": "header_718741",
    "site_width": "boxed",
    "products_hover": "icons",
    "body-background": {
        "color": "rgb(235,244,235)",
        "url": "",
        "id": "",
        "repeat": "",
        "size": "",
        "attachment": "",
        "position": ""
    },
    "pages-background": {
        "color": "",
        "url": "",
        "id": "",
        "repeat": "",
        "size": "",
        "attachment": "",
        "position": ""
    },
    "title-background": {
        "color": "#0a0a0a",
        "url": "http:\/\/dummy.xtemos.com\/woodmart2\/elementor\/wp-content\/uploads\/sites\/2\/2021\/08\/page-title-shop.jpg",
        "id": "569",
        "repeat": "",
        "size": "cover",
        "attachment": "",
        "position": "center center"
    },
    "promo_popup": "1",
    "promo_popup_content_type": "html_block",
    "popup_html_block": "724",
    "popup-background": {
        "color": "#111111",
        "url": "http:\/\/dummy.xtemos.com\/woodmart2\/elementor\/wp-content\/uploads\/sites\/2\/2021\/08\/promo-popup.jpg",
        "id": "711",
        "repeat": "no-repeat",
        "size": "cover",
        "attachment": "",
        "position": "center center"
    },
    "popup_padding": "eyJkZXZpY2VzIjp7ImRlc2t0b3AiOnsidW5pdCI6InB4IiwidmFsdWUiOiIxNSJ9fX0=",
    "prefooter_content_type": "html_block",
    "prefooter_html_block": "728",
    "portfolio_page": "51",
    "text-font": [
        {
            "google": "1",
            "font-family": "Lato",
            "font-weight": "400",
            "font-style": "",
            "font-subset": "",
            "font-size": "15",
            "tablet": {
                "font-size": ""
            },
            "mobile": {
                "font-size": ""
            },
            "color": "rgb(118,118,118)"
        }
    ],
    "primary-font": [
        {
            "google": "1",
            "font-family": "Poppins",
            "font-weight": "600",
            "font-style": "",
            "font-subset": "",
            "text-transform": "",
            "color": "#242424"
        }
    ],
    "post-titles-font": [
        {
            "google": "1",
            "font-family": "Poppins",
            "font-weight": "500",
            "font-style": "",
            "font-subset": "",
            "text-transform": "",
            "color": "#333333",
            "hover": {
                "color": "rgb(51 51 51 \/ 65%)"
            }
        }
    ],
    "secondary-font": [
        {
            "google": "1",
            "font-family": "Lato",
            "font-weight": "400",
            "font-style": "",
            "font-subset": ""
        }
    ],
    "widget-titles-font": [
        {
            "google": "1",
            "font-family": "Poppins",
            "font-weight": "600",
            "font-style": "",
            "font-subset": "",
            "text-transform": "uppercase",
            "font-size": "16",
            "tablet": {
                "font-size": ""
            },
            "mobile": {
                "font-size": ""
            },
            "color": "#333"
        }
    ],
    "navigation-font": [
        {
            "google": "1",
            "font-family": "Lato",
            "font-weight": "700",
            "font-style": "",
            "font-subset": "",
            "text-transform": "uppercase",
            "font-size": "13",
            "tablet": {
                "font-size": ""
            },
            "mobile": {
                "font-size": ""
            }
        }
    ],
    "blog_design": "masonry",
    "blog_columns": "3",
    "blog_masonry": "0",
    "blog_archive_layout": "full-width",
    "custom_product_tabs_enabled": "1",
    "legacy_product_tabs_enabled": "0"
}