{
    "primary-color": {
        "idle": "#E15858"
    },
    "secondary-color": {
        "idle": "rgb(162,162,162)"
    },
    "btns_shop_bg": {
        "idle": "rgb(223,87,90)"
    },
    "btns_shop_bg_hover": {
        "idle": "rgb(204,80,83)"
    },
    "btns_accent_bg": {
        "idle": "rgb(220,75,78)"
    },
    "btns_accent_bg_hover": {
        "idle": "#d24649"
    },
    "text-font": [
        {
            "google": "1",
            "font-family": "Lato",
            "font-weight": "400",
            "font-style": "",
            "font-subset": "",
            "font-size": "16",
            "tablet": {
                "font-size": ""
            },
            "mobile": {
                "font-size": ""
            },
            "color": "rgb(118,118,118)"
        }
    ],
    "primary-font": [
        {
            "google": "1",
            "font-family": "Roboto Slab",
            "font-weight": "600",
            "font-style": "",
            "font-subset": "",
            "text-transform": "",
            "color": "#242424"
        }
    ],
    "post-titles-font": [
        {
            "google": "1",
            "font-family": "Roboto Slab",
            "font-weight": "600",
            "font-style": "",
            "font-subset": "",
            "text-transform": "",
            "color": "#333333",
            "hover": {
                "color": "rgb(51 51 51 \/ 65%)"
            }
        }
    ],
    "secondary-font": [
        {
            "google": "1",
            "font-family": "Dancing Script",
            "font-weight": "700",
            "font-style": "",
            "font-subset": ""
        }
    ],
    "widget-titles-font": [
        {
            "google": "1",
            "font-family": "Poppins",
            "font-weight": "600",
            "font-style": "",
            "font-subset": "",
            "text-transform": "uppercase",
            "font-size": "16",
            "tablet": {
                "font-size": ""
            },
            "mobile": {
                "font-size": ""
            },
            "color": "#333"
        }
    ],
    "navigation-font": [
        {
            "google": "1",
            "font-family": "Lato",
            "font-weight": "700",
            "font-style": "",
            "font-subset": "",
            "text-transform": "uppercase",
            "font-size": "13",
            "tablet": {
                "font-size": ""
            },
            "mobile": {
                "font-size": ""
            }
        }
    ],
    "products_hover": "icons",
    "page-title-size": "large",
    "pages-background": {
        "color": "rgb(236,242,247)",
        "url": "",
        "id": "",
        "repeat": "",
        "size": "",
        "attachment": "",
        "position": ""
    },
    "footer_content_type": "html_block",
    "footer_html_block": "2273",
    "disable_copyrights": "0",
    "blog_style": "flat",
    "prefooter_content_type": "text",
    "prefooter_area": "",
    "default_header": "header_649711",
    "title-background": {
        "color": "#0a0a0a",
        "url": "http:\/\/dummy.xtemos.com\/woodmart2\/wp-content\/uploads\/2021\/09\/christmas-page-title.jpg",
        "id": "5803",
        "repeat": "",
        "size": "cover",
        "attachment": "",
        "position": "center center"
    },
    "shop-background": {
        "color": "rgb(236,242,247)",
        "url": "",
        "id": "",
        "repeat": "",
        "size": "",
        "attachment": "",
        "position": ""
    },
    "portfolio_page": "150",
    "advanced_typography": {
        "0": {
          "custom": "true",
          "selector": [
            "custom"
          ],
          "custom-selector": ".wd-xmas-title",
          "google": "1",
          "font-family": "Bungee Inline",
          "font-weight": "400",
          "font-style": "",
          "font-subset": "",
          "text-transform": "",
          "font-size": "",
          "tablet": {
            "font-size": "",
            "line-height": ""
          },
          "mobile": {
            "font-size": "",
            "line-height": ""
          },
          "line-height": "",
          "color": "",
          "hover": {
            "color": ""
          }
        }
    },
    "promo_popup": "0",
    "blog_design": "masonry",
    "blog_columns": "3",
    "blog_masonry": "0",
    "blog_archive_layout": "full-width",
    "custom_product_tabs_enabled": "1",
    "legacy_product_tabs_enabled": "0"
}