{
    "products": {
        "henectus-tincidunt": "19943",
        "ornare-auctor": "19944",
        "eames-plastic-side-chair": "19945",
        "augue-adipiscing-euismod": "19946",
        "iphone-dock": "19947",
        "wine-bottle-lantern": "19948",
        "decoration-wooden-present": "19949",
        "panton-tunior-chair": "19950",
        "smart-watches-wood-edition": "19951",
        "wooden-single-drawer": "19952",
        "classic-wooden-chair": "19954",
        "eames-lounge-chair": "19953"
    },
    "blog": {
        "exploring-atlantas-modern-homes": "19955",
        "green-interior-design-inspiration": "19956",
        "collar-brings-back-coffee-brewing-ritual": "19957",
        "reinterprets-the-classic-bookshelf": "19958",
        "creative-water-features-and-exterior": "19959",
        "minimalist-japanese-inspired-furniture": "19960",
        "new-home-decor-from-john-doerson": "19961",
        "the-big-design-wall-likes-pictures": "19962",
        "sweet-seat-functional-seat-for-it-folks": "19963"
    }
}