{
    "default_header": "header_628826",
    "hide_main_sidebar": "0",
    "promo_popup": "1",
    "promo_popup_content_type": "html_block",
    "popup_html_block": "212",
    "popup-background": {
        "color": "#111111",
        "url": "https:\/\/dummy.xtemos.com\/woodmart2\/gutenberg\/wp-content\/uploads\/sites\/24\/2024\/06\/coffee-popup.jpg",
        "id": "19930",
        "repeat": "no-repeat",
        "size": "cover",
        "attachment": "",
        "position": "center center"
    },
    "popup_padding": "eyJkZXZpY2VzIjp7ImRlc2t0b3AiOnsidW5pdCI6InB4IiwidmFsdWUiOiIxNSJ9fX0=",
    "title-background": {
        "color": "rgb(17,70,57)",
        "url": "https:\/\/dummy.xtemos.com\/woodmart2\/gutenberg\/wp-content\/uploads\/sites\/24\/2024\/06\/coffee-page-title.jpg",
        "id": "19931",
        "repeat": "",
        "size": "cover",
        "attachment": "",
        "position": "center center"
    },
    "disable_footer": "1",
    "footer_content_type": "html_block",
    "footer_html_block": "12962",
    "footer-bar-bg": {
        "color": "rgb(17,17,17)",
        "url": "",
        "id": "",
        "repeat": "",
        "size": "",
        "attachment": "",
        "position": ""
    },
    "footer-style": "light",
    "prefooter_content_type": "html_block",
    "prefooter_html_block": "19928",
    "text-font": [
        {
            "google": "1",
            "font-family": "Inter",
            "font-weight": "400",
            "font-style": "",
            "font-subset": "",
            "font-size": "15",
            "tablet": {
                "font-size": ""
            },
            "mobile": {
                "font-size": ""
            },
            "color": "#767676"
        }
    ],
    "primary-font": [
        {
            "google": "1",
            "font-family": "League Spartan",
            "font-weight": "600",
            "font-style": "",
            "font-subset": "",
            "text-transform": "",
            "color": "#242424"
        }
    ],
    "post-titles-font": [
        {
            "google": "1",
            "font-family": "League Spartan",
            "font-weight": "600",
            "font-style": "",
            "font-subset": "",
            "text-transform": "",
            "color": "#333333",
            "hover": {
                "color": "rgb(51 51 51 \/ 65%)"
            }
        }
    ],
    "widget-titles-font": [
        {
            "google": "1",
            "font-family": "League Spartan",
            "font-weight": "600",
            "font-style": "",
            "font-subset": "",
            "text-transform": "uppercase",
            "font-size": "16",
            "tablet": {
                "font-size": ""
            },
            "mobile": {
                "font-size": ""
            },
            "color": "#333"
        }
    ],
    "navigation-font": [
        {
            "google": "1",
            "font-family": "Inter",
            "font-weight": "500",
            "font-style": "",
            "font-subset": "",
            "text-transform": "uppercase",
            "font-size": "13",
            "tablet": {
                "font-size": ""
            },
            "mobile": {
                "font-size": ""
            }
        }
    ],
    "primary-color": {
        "idle": "rgb(17,70,57)"
    },
    "android_browser_bar_color": {
        "idle": "rgb(17,70,57)"
    },
    "pages-background": {
        "color": "rgb(243,243,243)",
        "url": "",
        "id": "",
        "repeat": "",
        "size": "",
        "attachment": "",
        "position": ""
    },
    "btns_shop_bg": {
        "idle": "rgb(17,70,57)"
    },
    "btns_shop_bg_hover": {
        "idle": "rgb(15,64,52)"
    },
    "blog_excerpt_length": "90",
    "update_cart_quantity_change": "1",
    "products_hover": "icons",
    "blog_excerpt": "excerpt",
    "custom_product_tabs_enabled": "1",
    "legacy_product_tabs_enabled": "0"
}