{
    "default_header": "header_273375",
    "text-font": [
        {
            "custom": "",
            "google": "1",
            "font-family": "Inter",
            "font-weight": "400",
            "font-style": "",
            "font-subset": "",
            "font-size": "15",
            "tablet": {
                "font-size": ""
            },
            "mobile": {
                "font-size": ""
            },
            "color": "#767676"
        }
    ],
    "primary-font": [
        {
            "custom": "",
            "google": "1",
            "font-family": "League Spartan",
            "font-weight": "600",
            "font-style": "",
            "font-subset": "",
            "text-transform": "",
            "color": "#242424"
        }
    ],
    "post-titles-font": [
        {
            "custom": "",
            "google": "1",
            "font-family": "League Spartan",
            "font-weight": "600",
            "font-style": "",
            "font-subset": "",
            "text-transform": "",
            "color": "#333333",
            "hover": {
                "color": "rgb(51 51 51 \/ 65%)"
            }
        }
    ],
    "widget-titles-font": [
        {
            "custom": "",
            "google": "1",
            "font-family": "League Spartan",
            "font-weight": "600",
            "font-style": "",
            "font-subset": "",
            "text-transform": "uppercase",
            "font-size": "14",
            "tablet": {
                "font-size": ""
            },
            "mobile": {
                "font-size": ""
            },
            "color": "#333"
        }
    ],
    "navigation-font": [
        {
            "custom": "",
            "google": "1",
            "font-family": "Inter",
            "font-weight": "500",
            "font-style": "",
            "font-subset": "",
            "text-transform": "uppercase",
            "font-size": "13",
            "tablet": {
                "font-size": ""
            },
            "mobile": {
                "font-size": ""
            }
        }
    ],
    "primary-color": {
        "idle": "rgb(17,70,57)"
    },
    "btns_shop_bg": {
        "idle": "rgb(17,70,57)"
    },
    "btns_shop_bg_hover": {
        "idle": "rgb(15,64,52)"
    },
    "btns_accent_bg": {
        "idle": "rgb(17,70,57)"
    },
    "btns_accent_bg_hover": {
        "idle": "rgb(15,64,52)"
    },
    "footer-style": "light",
    "footer-bar-bg": {
        "color": "rgb(17,17,17)",
        "url": "",
        "id": "",
        "repeat": "",
        "size": "",
        "attachment": "",
        "position": ""
    },
    "pages-background": {
        "color": "rgb(243,243,243)",
        "url": "",
        "id": "",
        "repeat": "",
        "size": "",
        "attachment": "",
        "position": ""
    },
    "products_hover": "icons",
    "title-background": {
        "color": "rgb(17,70,57)",
        "url": "http:\/\/dummy.xtemos.com\/woodmart2\/elementor\/wp-content\/uploads\/sites\/2\/2021\/10\/coffee-page-title.jpg",
        "id": "7297",
        "repeat": "",
        "size": "cover",
        "attachment": "",
        "position": "center center"
    },
    "prefooter_content_type": "html_block",
    "prefooter_html_block": "7298",
    "footer_content_type": "widgets",
    "popup-background": {
        "color": "#111111",
        "url": "http:\/\/dummy.xtemos.com\/woodmart2\/elementor\/wp-content\/uploads\/sites\/2\/2021\/10\/coffee-popup.jpg",
        "id": "7296",
        "repeat": "no-repeat",
        "size": "cover",
        "attachment": "",
        "position": "center center"
    },
    "popup_padding": "eyJkZXZpY2VzIjp7ImRlc2t0b3AiOnsidW5pdCI6InB4IiwidmFsdWUiOiIxNSJ9fX0=",
    "blog_design": "mask",
    "blog_layout": "full-width",
    "promo_popup_content_type": "html_block",
    "popup_html_block": "724",
    "portfolio_page": "51",
    "custom_product_tabs_enabled": "1",
    "legacy_product_tabs_enabled": "0"
}