{
    "products": {
        "henectus-tincidunt": "28585",
        "ornare-auctor": "28586",
        "eames-plastic-side-chair": "28583",
        "augue-adipiscing-euismod": "28578",
        "iphone-dock": "28587",
        "wine-bottle-lantern": "28588",
        "decoration-wooden-present": "28581",
        "panton-tunior-chair": "28589",
        "smart-watches-wood-edition": "28579",
        "wooden-single-drawer": "28584",
        "classic-wooden-chair": "28580",
        "eames-lounge-chair": "28582"
    }
}