{
    "default_header": "header_223659",
    "body-background": {
        "color": "#3f412e",
        "url": "",
        "id": "",
        "repeat": "",
        "size": "",
        "attachment": "",
        "position": ""
    },
    "primary-color": {
        "idle": "rgb(151,156,109)"
    },
    "btns_shop_bg": {
        "idle": "rgb(151,156,109)"
    },
    "btns_shop_bg_hover": {
        "idle": "rgb(138,142,100)"
    },
    "btns_accent_bg": {
        "idle": "rgb(151,156,109)"
    },
    "btns_accent_bg_hover": {
        "idle": "rgb(138,142,100)"
    },
    "btns_shop_style": "flat",
    "primary-font": [
        {
            "custom": "",
            "google": "1",
            "font-family": "Patua One",
            "font-weight": "400",
            "font-style": "",
            "font-subset": "",
            "text-transform": "",
            "color": "#242424"
        }
    ],
    "post-titles-font": [
        {
            "custom": "",
            "google": "1",
            "font-family": "Patua One",
            "font-weight": "400",
            "font-style": "",
            "font-subset": "",
            "text-transform": "",
            "color": "#333333",
            "hover": {
                "color": "rgb(51 51 51 \/ 65%)"
            }
        }
    ],
    "secondary-font": [
        {
            "custom": "",
            "google": "1",
            "font-family": "Patua One",
            "font-weight": "400",
            "font-style": "",
            "font-subset": ""
        }
    ],
    "widget-titles-font": [
        {
            "custom": "",
            "google": "1",
            "font-family": "Patua One",
            "font-weight": "400",
            "font-style": "",
            "font-subset": "",
            "text-transform": "uppercase",
            "font-size": "16",
            "tablet": {
                "font-size": ""
            },
            "mobile": {
                "font-size": ""
            },
            "color": "#333"
        }
    ],
    "site_width": "boxed-2",
    "navigation-font": [
        {
            "custom": "",
            "google": "1",
            "font-family": "Patua One",
            "font-weight": "400",
            "font-style": "",
            "font-subset": "",
            "text-transform": "uppercase",
            "font-size": "13",
            "tablet": {
                "font-size": ""
            },
            "mobile": {
                "font-size": ""
            }
        }
    ],
    "text-font": [
        {
            "custom": "",
            "google": "1",
            "font-family": "Lato",
            "font-weight": "400",
            "font-style": "",
            "font-subset": "",
            "font-size": "15",
            "tablet": {
                "font-size": ""
            },
            "mobile": {
                "font-size": ""
            },
            "color": "#767676"
        }
    ],
    "blog_excerpt_length": "100",
    "title-background": {
        "color": "#0a0a0a",
        "url": "http:\/\/dummy.xtemos.com\/woodmart2\/wp-content\/uploads\/2021\/08\/camping-page-title.jpg",
        "id": "4197",
        "repeat": "",
        "size": "cover",
        "attachment": "",
        "position": "center center"
    },
    "blog_excerpt": "excerpt",
    "popup-background": {
        "color": "#111111",
        "url": "http:\/\/dummy.xtemos.com\/woodmart2\/wp-content\/uploads\/2021\/08\/camping-popup-bg.jpg",
        "id": "4200",
        "repeat": "no-repeat",
        "size": "cover",
        "attachment": "",
        "position": "center center"
    },
    "popup_html_block": "3829",
    "pages-background": {
        "color": "rgb(250,248,246)",
        "url": "",
        "id": "",
        "repeat": "",
        "size": "",
        "attachment": "",
        "position": ""
    },
    "single_product_header": "header_352211",
    "prefooter_content_type": "text",
    "prefooter_html_block": "258",
    "disable_copyrights": "0",
    "footer-style": "light",
    "footer-bar-bg": {
        "color": "rgb(51,51,51)",
        "url": "http:\/\/dummy.xtemos.com\/woodmart2\/wp-content\/uploads\/2021\/08\/camping-footer-bg.jpg",
        "id": "4201",
        "repeat": "",
        "size": "",
        "attachment": "",
        "position": ""
    },
    "footer-layout": "13",
    "footer_html_block": "4202",
    "footer_content_type": "html_block",
    "products_hover": "quick",
    "promo_popup_content_type": "html_block",
    "promo_popup": "1",
    "prefooter_area": "",
    "portfolio_page": "150",
    "blog_design": "masonry",
    "blog_columns": "3",
    "blog_masonry": "0",
    "blog_archive_layout": "full-width",
    "custom_product_tabs_enabled": "1",
    "legacy_product_tabs_enabled": "0"
}